,source,author,title,description,url,urlToImage,publishedAt,content
"0,""{'id': None, 'name': 'Detik.com'}"",Ibnu Hariyanto,ICW Ungkap 9 Alasan Kenapa Menkum HAM Yasonna Perlu Diganti,ICW mendesak Presiden Jokowi untuk mencopot Menkum HAM Yasonna Laoly. ICW mengungkapkan ada sembilan alasan kenapa Yasonna harus diganti.,https://news.detik.com/berita/d-4880863/icw-ungkap-9-alasan-kenapa-menkum-ham-yasonna-perlu-diganti,https://awsimages.detik.net.id/api/wm/2019/09/12/97815696-b502-4701-8ac7-bcbf6bb7fb79_169.jpeg?wid=54&w=650&v=1&t=jpeg,2020-01-31T10:13:28Z,""Jakarta - Indonesia Corruption Watch (ICW) mendesak Presiden Joko Widodo (Jokowi) untuk mencopot Menteri Hukum dan HAM (Menkum HAM) Yasonna Laoly. ICW mengungkapkan ada sembilan alasan kenapa Yasonna harus diganti."
"9 alasan Presiden harus memberhentikan Yas… [+583 chars]"""
"1,""{'id': None, 'name': 'Viva.co.id'}"",""Jujuk Ernawati, Ahmad Farhan Faris"",""Nazaruddin di Kolombia Bisa Ditangkap, Kok Harun Masiku di RI Susah?"",""Berita Nazaruddin di Kolombia Bisa Ditangkap, Kok Harun Masiku di RI Susah? terbaru hari ini 2020-01-31 17:12:01 dari sumber yang terpercaya"",https://www.viva.co.id/berita/nasional/1198113-nazaruddin-di-kolombia-bisa-ditangkap-kok-harun-masiku-di-ri-susah,https://thumb.viva.co.id/media/frontend/thumbs3/2020/01/24/5e2a520cc4591-harun-masiku_665_374.jpg,2020-01-31T10:12:01Z,""VIVA  Harun Masiku, tersangka suap terhadap mantan Komisioner Komisi Pemilihan Umum (KPU) Wahyu Setiawan sampai sekarang masih menjadi buronan Komisi Pemberatasan Korupsi (KPK) dan masuk dalam daftar pencarian orang (DPO). Disinyalir, Harun Masiku ada di Indo… [+4610 chars]"""
"2,""{'id': None, 'name': 'Detik.com'}"",Ahmad Bil Wahid,""KPK Kehilangan Jejak Harun Masiku di Sekitar PTIK, Polri: Terus Kami Cari"",""""""Semua akan menjadi clear nanti kalau saudara Harun Masiku akan tertangkap,"""" kata Kabag Penum Divisi Humas Polri Kombes Asep Adi Saputra."",https://news.detik.com/berita/d-4880808/kpk-kehilangan-jejak-harun-masiku-di-sekitar-ptik-polri-terus-kami-cari,https://awsimages.detik.net.id/api/wm/2019/10/22/4a468847-e5ce-4770-9c8c-a70f582f4bd6_169.jpeg?wid=54&w=650&v=1&t=jpeg,2020-01-31T09:40:16Z,""Jakarta - KPK mengaku sempat mendeteksi jejak Harun Masiku di sekitar Sekolah Tinggi Ilmu Kepolisian (PTIK) sebelum kehilangan jejak. Merespons hal itu, Polri mengatakan saat ini berfokus mencari keberadaan Harun."
"Fokus utama hari ini adalah kita mencari ke… [+1464 chars]"""
"3,""{'id': None, 'name': 'Detik.com'}"",Jeka Kampai,""Bupati Solok Selatan Ditahan KPK, Gubernur Sumbar: Pemerintahan Tetap Jalan"",""Bupati Solok Selatan, Muzni Zakaria, telah ditahan KPK terkait kasus dugaan suap. Gubernur Sumbar memastikan pelayanan di Pemkab Solok Selatan berjalan normal."",https://news.detik.com/berita/d-4880785/bupati-solok-selatan-ditahan-kpk-gubernur-sumbar-pemerintahan-tetap-jalan,https://awsimages.detik.net.id/api/wm/2020/01/31/e3746416-ef77-498e-a1c3-71fefe2c1770_169.jpeg?wid=54&w=650&v=1&t=jpeg,2020-01-31T09:23:15Z,""Padang - Bupati Solok Selatan, Muzni Zakaria, telah ditahan KPK terkait kasus dugaan suap pembangunan Masjid Agung Solok Selatan dan jembatan Ambayan. Gubernur Sumatera Barat (Sumbar), Irwan Prayitno, menyatakan prihatin."
"Hal-hal demikian kita harus prihati… [+1160 chars]"""
"4,""{'id': None, 'name': 'Detik.com'}"",Faiq Hidayat,""Jadi Perantara Suap, 2 Anak Buah Eks Gubernur Kepri Dituntut 5 Tahun Bui"",""Edy Sofyan dan Budy Hartono dituntut 5 tahun penjara, denda Rp 200 juta subsider 6 bulan kurungan. Keduanya diyakini bersalah oleh jaksa KPK."",https://news.detik.com/berita/d-4880645/jadi-perantara-suap-2-anak-buah-eks-gubernur-kepri-dituntut-5-tahun-bui,https://awsimages.detik.net.id/api/wm/2020/01/31/4ad37934-f609-4104-b3b9-30b75da66ac2_169.jpeg?wid=54&w=650&v=1&t=jpeg,2020-01-31T08:07:37Z,""Jakarta - Edy Sofyan dan Budy Hartono dituntut 5 tahun penjara, denda Rp 200 juta subsider 6 bulan kurungan. Keduanya diyakini bersalah karena menjadi perantara suap sebesar SGD 11 ribu dan Rp 45 juta dari pengusaha Kock Meng pada mantan Gubernur Kepulauan Ri… [+1032 chars]"""
"5,""{'id': None, 'name': 'Detik.com'}"",Ibnu Hariyanto,""2 Jaksa 'Balik Kandang', WP KPK Akan Gelar Perpisahan"",Wadah Pegawai (WP) KPK akan menggelar acara perpisahan untuk dua jaksa yang ditarik kembali ke Kejaksaan Agung (Kejagung).,https://news.detik.com/berita/d-4880632/2-jaksa-balik-kandang-wp-kpk-akan-gelar-perpisahan,https://awsimages.detik.net.id/api/wm/2019/06/24/071790b0-4336-4420-9933-3b63ff5b456e_169.jpeg?wid=54&w=650&v=1&t=jpeg,2020-01-31T08:03:19Z,""Jakarta - Wadah Pegawai (WP) KPK akan menggelar acara perpisahan untuk dua jaksa yang ditarik kembali ke Kejaksaan Agung (Kejagung). Kedua jaksa itu yakni Sugeng dan Yadyn Palebangan."
"Oleh karena itu maka pegawai KPK akan mengadakan acara perpisahan untuk m… [+1380 chars]"""
"6,""{'id': None, 'name': 'Viva.co.id'}"",LaluMaraSatriawangsa,Catatan Ringan: Mencari Harun Seperti Mencari Harta Karun,Berita Catatan Ringan: Mencari Harun Seperti Mencari Harta Karun terbaru hari ini 2020-01-31 15:03:02 dari sumber yang terpercaya,https://www.viva.co.id/vstory/opini-vstory/1198095-catatan-ringan-mencari-harun-seperti-mencari-harta-karun,https://thumb.viva.co.id/media/frontend/thumbs3/2020/01/31/5e33df0e2c593-catatan-ringan-mencari-harun-seperti-mencari-harta-karun_665_374.jpg,2020-01-31T08:03:02Z,""VIVA - Pasca tertangkapnya Komisioner KPU Wahyu Setiawan dalam sebuah operasi tangkap tangan (OTT) yang dilakukan KPK, keberadaan politisi PDIP Harun Masiku hingga saat ini masih gelap gulita. Silang pendapat antara Dirjen Imigrasi Ronny Sompie dengan atasann… [+2917 chars]"""
"7,""{'id': None, 'name': 'Detik.com'}"",Lukmono Nagoro,Generasi Milenial Terjebak di Tengah,Salah satu masalah utama penduduk usia produktif adalah kompetensinya dan kesiapannya bersaing. Masalah tersebut akan melahirkan ketimpangan.,https://news.detik.com/kolom/d-4880582/generasi-milenial-terjebak-di-tengah,https://awsimages.detik.net.id/api/wm/2018/11/19/59b924d9-f175-4315-a009-17757114c9d8_169.jpeg?wid=54&w=650&v=1&t=jpeg,2020-01-31T07:34:28Z,Jakarta - Anak muda sekarang banyak menyebut dirinya sebagai generasi milenial. Generasi ini lahir pada rentang tahun 1980-an hingga 2000. Generasi milenial sangatlah dekat dengan teknologi. Mereka sudah akrab dengan teknologi sejak dini. Perbedaan antara gen… [+5568 chars]"
"8,""{'id': None, 'name': 'Detik.com'}"",Ibnu Hariyanto,Novel Baswedan Dapat Penghargaan Antikorupsi Internasional 2020,Penyidik KPK Novel Baswedan mendapatkan penghargaan antikorupsi internasional tahun 2020.,https://news.detik.com/berita/d-4880527/novel-baswedan-dapat-penghargaan-antikorupsi-internasional-2020,https://awsimages.detik.net.id/api/wm/2019/06/20/44172b59-98a0-49ca-b587-533aa892b1f1_169.jpeg?wid=54&w=650&v=1&t=jpeg,2020-01-31T06:52:28Z,""Jakarta - Penyidik KPK Novel Baswedan mendapatkan penghargaan antikorupsi internasional tahun 2020. Penghargaan itu diberikan oleh Perdana International Anti-Corruption Champion Foundation (PIACCF)."
"Iya, saya diundang untuk mendapat penghargaan,"""" kata Novel… [+463 chars]"""
"9,""{'id': None, 'name': 'Detik.com'}"",Noval Dhwinuari Antony,Gubernur Sulsel Sambut Positif DPRD Jadi Mediator Polemik Mattoanging,Gubernur Sulsel Nurdin Abdullah berharap DPRD membantu polemik Mattoanging dengan Yayasan Olahraga Sulawesi Selatan (YOSS) diselesaikan secara kekeluargaan.,https://news.detik.com/berita/d-4880506/gubernur-sulsel-sambut-positif-dprd-jadi-mediator-polemik-mattoanging,https://awsimages.detik.net.id/api/wm/2020/01/31/5bc1c1e8-ccd8-435d-84e9-a478590cf160_169.mpo?wid=54&w=650&v=1&t=jpeg,2020-01-31T06:37:50Z,""Makassar - Gubernur Sulawesi Selatan (Sulsel) Nurdin Abdullah meminta dukungan DPRD Sulsel untuk percepatan renovasi Stadion Andi Mattalatta, Mattoanging, Makassar. Nurdin berharap DPRD dapat membantu agar polemik Mattoanging dengan Yayasan Olahraga Sulawesi … [+1771 chars]"""
"10,""{'id': None, 'name': 'Detik.com'}"",Rahel Narda Catherine,""Pimpinan KPK Bertemu Menteri Basuki, Bahas Strategi Pencegahan Korupsi di PUPR"",Pimpinan KPK bertemu Menteri PUPR Basuki Hadimuljono. Pertemuan tersebut membahas tentang strategi pencegahan korupsi dalam sektor pembangunan infrastrukur.,https://news.detik.com/berita/d-4880355/pimpinan-kpk-bertemu-menteri-basuki-bahas-strategi-pencegahan-korupsi-di-pupr,https://awsimages.detik.net.id/api/wm/2020/01/31/9eca4f5f-24db-4439-a51f-6d39b654b168_169.jpeg?wid=54&w=650&v=1&t=jpeg,2020-01-31T04:59:15Z,""Jakarta - Pimpinan KPK bertemu Menteri Pekerjaan Umum dan Perumahan Rakyat (PUPR) Basuki Hadimuljono pagi ini. Pertemuan tersebut membahas tentang strategi pencegahan korupsi dalam sektor pembangunan infrastrukur."
"Pertemuan berlangsung sejak pukul 09.00 WIB … [+1183 chars]"""
"11,""{'id': None, 'name': 'Viva.co.id'}"",""Rochimawati, Edwin Firdaus"",KPK Pelajari Dugaan Yasonna Laoly Halangi Penyidikan,Berita KPK Pelajari Dugaan Yasonna Laoly Halangi Penyidikan terbaru hari ini 2020-01-31 11:25:27 dari sumber yang terpercaya,https://www.viva.co.id/berita/nasional/1198057-kpk-pelajari-dugaan-yasonna-laoly-halangi-penyidikan,https://thumb.viva.co.id/media/frontend/thumbs3/2019/10/22/5daed4080b3da-yasonna-laoly-di-istana-kepresidenan-jakarta_665_374.jpg,2020-01-31T04:25:27Z,""VIVA  Komisi Pemberantasan Korupsi (KPK) mengaku sedang menganalisis laporan yang dilayangkan Indonesia Corruption Watch (ICW) dan sejumlah LSM lain terhadap Menkumham Yasonna H. Laoly atas dugaan merintangi penyidikan. "
"Laporan ICW, itu sedang dianalisa. P… [+1554 chars]"""
"12,""{'id': None, 'name': 'Detik.com'}"",Fadhly Fauzi Rachman,""Punya Anggaran Rp 120 T, Basuki Gandeng KPK Cegah Korupsi di PUPR"",""""""Kami mohon pendampingan KPK untuk mengawal pelaksanaan APBN PUPR. Karena APBN Rp 120 triliun, itu belum termasuk yang ditanda tangan PUPR dengan KPBU,"""""",https://finance.detik.com/berita-ekonomi-bisnis/d-4880271/punya-anggaran-rp-120-t-basuki-gandeng-kpk-cegah-korupsi-di-pupr,https://awsimages.detik.net.id/api/wm/2020/01/31/dec7397c-08a7-4184-827e-a7b808f8e841_169.jpeg?wid=54&w=650&v=1&t=jpeg,2020-01-31T04:15:07Z,""Jakarta - Menteri PUPR Basuki Hadimuljono melibatkan Komisi Pemberantasan Korupsi (KPK) dalam pencegahan praktik korupsi di tubuh BUMN. Hal itu merupakan topik pembicaraan antara Basuki dan Ketua KPK Firli Bahuri."
"Jadi ini dalam rangka menegaskan kembali pe… [+1056 chars]"""
"13,""{'id': None, 'name': 'Detik.com'}"",Ahmad Bil Wahid,Polri Pastikan Tak Tarik Kompol Rosa dari KPK,KPK menyebut seorang penyidik Polri bernama Kompol Rosa Purbo Bekti ditarik dari lembaga antirasuah itu. Polri menyanggah.,https://news.detik.com/berita/d-4880259/polri-pastikan-tak-tarik-kompol-rosa-dari-kpk,https://awsimages.detik.net.id/api/wm/2020/01/15/71fe71a4-d360-4233-a832-d97c2299125c_169.jpeg?wid=54&w=650&v=1&t=jpeg,2020-01-31T04:02:13Z,""Jakarta - KPK menyebut seorang penyidik Polri bernama Kompol Rosa Purbo Bekti ditarik dari lembaga antirasuah itu. Polri memastikan Kompol Rosa masih ditugaskan di KPK dan tidak ditarik."
"Masih di KPK, tidak ada penarikan,"""" kata Karo Penmas Divisi Humas Polr… [+564 chars]"""
"14,""{'id': None, 'name': 'Detik.com'}"",Ibnu Hariyanto,KPK Panggil Direktur PT Pilog Terkait Kasus Suap Bowo Sidik,""KPK memanggil Direktur Operasional PT Pupuk Indonesia Logistik (Pilog), Budiarto, sebagai saksi dalam kasus dugaan suap ke eks anggota DPR Bowo Sidik Pangarso."",https://news.detik.com/berita/d-4880222/kpk-panggil-direktur-pt-pilog-terkait-kasus-suap-bowo-sidik,https://awsimages.detik.net.id/api/wm/2017/03/27/4dcd03e4-7908-41c0-b3aa-64bdcaf813c7_169.jpg?wid=54&w=650&v=1&t=jpeg,2020-01-31T03:33:23Z,""Jakarta - Penyidik KPK memanggil Direktur Operasional PT Pupuk Indonesia Logistik (Pilog), Budiarto, sebagai saksi dalam kasus dugaan suap ke mantan anggota DPR Bowo Sidik Pangarso. Budiarto dipanggil sebagai saksi untuk tersangka Taufik Agustono."
"Dipanggil… [+1514 chars]"""
"15,""{'id': None, 'name': 'Detik.com'}"",Fadhly Fauzi Rachman,""Pagi-pagi Ketua KPK Datangi Kantor Menteri PUPR, Ada Apa?"",Ketua Komisi Pemberantasan Korupsi (KPK) Firli Bahuri mendatangi kantor Kementerian Pekerjaan Umum dan Perumahan Rakyat (PUPR) pagi ini. Ada apa?,https://finance.detik.com/berita-ekonomi-bisnis/d-4880193/pagi-pagi-ketua-kpk-datangi-kantor-menteri-pupr-ada-apa,https://awsimages.detik.net.id/api/wm/2019/10/16/b8ca8a4a-793a-4244-9b54-96a8c94c0342_169.jpeg?wid=54&w=650&v=1&t=jpeg,2020-01-31T02:53:45Z,""Jakarta - Ketua Komisi Pemberantasan Korupsi (KPK) Firli Bahuri mendatangi kantor Kementerian Pekerjaan Umum dan Perumahan Rakyat (PUPR) pagi ini."
"Berdasarkan informasi yang diterima detikcom,Firli datang ke KPK sekitar pukul 8.30 WIB. Begitu datang, ia lang… [+801 chars]"""
"16,""{'id': None, 'name': 'Detik.com'}"",Tim detikcom,Terselip Bahagia di Tengah Vonis Bersalah Lutfi 'Pembawa Bendera',""""""Terima kasih pada masyarakat semuanya. Saya bersyukur sudah bisa dibebaskan,"""" kata Lutfi."",https://news.detik.com/berita/d-4880086/terselip-bahagia-di-tengah-vonis-bersalah-lutfi-pembawa-bendera,https://awsimages.detik.net.id/api/wm/2020/01/30/8d31507f-5353-485d-b5f8-691553e2e356_169.jpeg?wid=54&w=650&v=1&t=jpeg,2020-01-31T00:52:42Z,Jakarta - Dede Lutfi Alfiandi alias Dede divonis 4 bulan bui karena terbukti bersalah melakukan perbuatan melawan polisi saat demonstrasi tahun lalu. Namun di tengah vonis itu terselip bahagia karena Lutfi langsung bebas lantaran hukuman bui dikurangi masa ta… [+1622 chars]"
"17,""{'id': None, 'name': 'Detik.com'}"",Deden Gunawan,""Keluar Bui, Luthfi Ingin Jadi Pengacara, Idolakan Hotman Paris"",""Setelah keluar dari Rumah Tahanan Salemba, Dede Luthfi Alfiandi mengungkapkan dirinya punya nazar untuk melanjutkan kuliah bidang hukum."",https://news.detik.com/berita/d-4880011/keluar-bui-luthfi-ingin-jadi-pengacara-idolakan-hotman-paris,https://awsimages.detik.net.id/api/wm/2020/01/30/df807d61-14e3-4046-8fb0-c7876730b380_169.jpeg?wid=54&w=650&v=1&t=jpeg,2020-01-31T00:00:54Z,""Jakarta - Setelah keluar dari Rumah Tahanan Salemba, Dede Luthfi Alfiandi mengungkapkan dirinya punya nazar untuk melanjutkan kuliah bidang hukum. Padahal lelaki kelahiran 3 Juli 1999 itu merupakan lulusan SMK jurusan otomotif."
"Waktu kecil sih saya pengin j… [+2039 chars]"""
"18,""{'id': None, 'name': 'Detik.com'}"",Deden Gunawan,""Keluar Penjara, Lutfi Ingin Jadi Pengacara, Idolakan Hotman Paris"",""Dede Lutfi Alfiandi pernah bercita-cita jadi tentara. Setelah keluar dari Rutan Salemba, dia punya nazar untuk melanjutkan kuliah bidang hukum. Kenapa?"",https://news.detik.com/berita/d-4880011/keluar-penjara-lutfi-ingin-jadi-pengacara-idolakan-hotman-paris,https://awsimages.detik.net.id/api/wm/2020/01/30/df807d61-14e3-4046-8fb0-c7876730b380_169.jpeg?wid=54&w=650&v=1&t=jpeg,2020-01-31T00:00:54Z,""Jakarta - Setelah keluar dari Rumah Tahanan Salemba, Dede Lutfi Alfiandi mengungkapkan dirinya punya nazar untuk melanjutkan kuliah bidang hukum. Padahal lelaki kelahiran 3 Juli 1999 itu merupakan lulusan SMK jurusan otomotif."
"Waktu kecil sih saya pengin ja… [+2031 chars]"""
"19,""{'id': None, 'name': 'Viva.co.id'}"",""Syahdan Nurdin, humorberita"",""Meme 100 Hari Kerja Kabinet Jokowi, Begini Jadinya..."",""Berita Meme 100 Hari Kerja Kabinet Jokowi, Begini Jadinya... terbaru hari ini 2020-01-31 05:28:01 dari sumber yang terpercaya"",https://www.viva.co.id/blog/sosial/1198001-meme-100-hari-kerja-kabinet-jokowi-begini-jadinya,https://thumb.viva.co.id/media/frontend/thumbs3/2020/01/30/5e32d3d5d91f9-meme-100-hari-kerja-kabinet-jokowi-begini-jadinya_665_374.jpg,2020-01-30T22:28:01Z,""VIVA  Kabinet Jokowi memasuki 100 hari kerja di akhir Januari 2020. Artinya hampir 3 bulan lebih kabinet Indonesia Maju ini melayani rakyatnya. Memasuki hari ke 100 biasanya menjadi penilaian kinerja seorang pemimpin."
"Kali ini Jokowi dan menterinya banyak me… [+528 chars]"""
"20,""{'id': None, 'name': 'Detik.com'}"",Faiq Hidayat,Jaksa Ungkap Istri Rano Karno Terima Rp 150 Juta dan Kode A2 di Sidang Wawan,Jaksa mengungkap istri Rano Karno menerima uang Rp 150 juta dari eks Kepala Dinas Kesehatan Pemprov Banten Djaja Buddy Suhardja.,https://news.detik.com/berita/d-4879968/jaksa-ungkap-istri-rano-karno-terima-rp-150-juta-dan-kode-a2-di-sidang-wawan,https://awsimages.detik.net.id/api/wm/2020/01/30/696228ab-7e0e-45ca-bd6a-547c4d710a9f_169.jpeg?wid=54&w=650&v=1&t=jpeg,2020-01-30T15:51:42Z,""Jakarta - Jaksa mengungkap istri Rano Karno menerima uang Rp 150 juta dari eks Kepala Dinas Kesehatan Pemprov Banten Djaja Buddy Suhardja. Uang untuk Rano Karno juga ditulis dalam catatan orang kepercayaan Tubagus Chaeri Wardana (Wawan), Dadang Prijatna."
"Hal… [+1837 chars]"""
"21,""{'id': None, 'name': 'Detik.com'}"",Angga Laraspati,Ketua MPR: Omnibus Law Bisa Lebih Menekan Potensi Terjadinya Korupsi,""Ketua MPR RI Bambang Soesatyo menilai pelibatan dunia usaha dalam pembahasan Omnibus Law bidang perekonomian, diharapkan hasilkan peraturan yang tak lagi bias."",https://news.detik.com/berita/d-4879958/ketua-mpr-omnibus-law-bisa-lebih-menekan-potensi-terjadinya-korupsi,https://awsimages.detik.net.id/api/wm/2020/01/30/27511967-eb3d-4941-b6ff-1ee95c70dc68_169.jpeg?wid=54&w=650&v=1&t=jpeg,2020-01-30T15:20:34Z,""Jakarta - Ketua MPR RI Bambang Soesatyo menilai langkah pemerintah dengan melibatkan dunia usaha dalam pembahasan Omnibus Law di bidang perekonomian, diharapkan bisa menghasilkan peraturan yang tak lagi bias dan abu-abu. Sehingga tak lagi menimbulkan potensi … [+2375 chars]"""
"22,""{'id': None, 'name': 'Detik.com'}"",Ibnu Hariyanto,""KPK Periksa Pejabat Kemenkum HAM, Selidiki Kasus Baru"",Ali enggan menjelaskan secara detail mengenai perkara yang sedang diselidiki KPK itu. Ia hanya mengatakan kasus yang diselidiki itu merupakan perkara baru.,https://news.detik.com/berita/d-4879933/kpk-periksa-pejabat-kemenkum-ham-selidiki-kasus-baru,https://awsimages.detik.net.id/api/wm/2020/01/13/65454d0a-8b43-4cab-a945-813084c524ec_169.jpeg?wid=54&w=650&v=1&t=jpeg,2020-01-30T15:05:40Z,""Jakarta - KPK mengaku memeriksa Inspektur Wilayah III Inspektorat Jenderal (Itjen) Kementerian Hukum dan HAM (Kemenkum HAM) Ahmad Rifa'i. KPK mengatakan pemeriksaan terhadap Ahmad Rifa'i diperlukan untuk penyelidikan suatu perkara."
"Hari ini tadi memang ada … [+949 chars]"""
"23,""{'id': None, 'name': 'Detik.com'}"",Ibnu Hariyanto,KPK Sebut Kehilangan Jejak Harun Masiku di Sekitar PTIK saat Mau OTT,""""""Jadi ini saya ulangi hanya soal waktu, kapan kami bisa menemukan yang bersangkutan, menangkap dan membawa ke KPK,"""" kata Ali."",https://news.detik.com/berita/d-4879925/kpk-sebut-kehilangan-jejak-harun-masiku-di-sekitar-ptik-saat-mau-ott,https://awsimages.detik.net.id/api/wm/2020/01/27/8373fa0f-7796-4bb3-a0bc-53408bfd4dec_169.jpeg?wid=54&w=650&v=1&t=jpeg,2020-01-30T15:00:53Z,Jakarta - KPK sempat mendeteksi tersangka suap Harun Masiku berada di sekitar Perguruan Tinggi Ilmu Kepolisian (PTIK) sebelum melakukan operasi tangkap tangan (OTT) terhadap eks Komisioner KPU Wahyu Setiawan. KPK mengaku kehilangan jejak sehingga tidak bisa m… [+2659 chars]"
"24,""{'id': None, 'name': 'Detik.com'}"",Tim detikcom,Kabar Penyekapan Penyelidik KPK Mengemuka di Rapat Dewan,""Dalam rapat dengan Kapolri, anggota Komisi III DPR dari Fraksi PAN dan Demokrat meminta klarifikasi soal isu penyekapan pegawai KPK. Apa jawab Sang Jenderal?"",https://news.detik.com/berita/d-4879924/kabar-penyekapan-penyelidik-kpk-mengemuka-di-rapat-dewan,https://awsimages.detik.net.id/api/wm/2020/01/30/20c4b862-5180-4935-87ba-628261cdb0d0_169.jpeg?wid=54&w=650&v=1&t=jpeg,2020-01-30T14:58:33Z,""Jakarta - Kapolri Jenderal Idham Azis diminta mengklarifikasi soal kabar penyekapan penyelidik KPK. Anggota Komisi III DPR mendengar penyekapan terjadi saat penyelidik KPK hendak memburu Harun Masiku yang terlacak di Perguruan Tinggi Ilmu Kepolisian (PTIK)."
"… [+1369 chars]"""
"25,""{'id': None, 'name': 'Detik.com'}"",Tim detikcom,Saling Lempar Anggapan Konyol Pimpinan KPK vs Mantan,Rencana Pimpinan KPK Firli Bahuri cs mengubah sistem pemeriksaan saksi atau tersangka menuai kritik. Salah satunya dari mantan pimpinan KPK Bambang Widjojanto.,https://news.detik.com/berita/d-4879867/saling-lempar-anggapan-konyol-pimpinan-kpk-vs-mantan,https://awsimages.detik.net.id/api/wm/2015/12/29/ba8f05ca-d077-4c4a-a197-153ca013f8c3_169.jpg?wid=54&w=650&v=1&t=jpeg,2020-01-30T13:59:15Z,""Jakarta - Rencana Pimpinan KPK Firli Bahuri cs mengubah sistem pemeriksaan saksi atau tersangka menuai kritik. Salah satunya dari mantan pimpinan KPK Bambang Widjojanto (BW) yang menilai konyol jika pimpinan mengatur-atur kewenangan penyidik."
"Secara perlaha… [+1735 chars]"""
"26,""{'id': None, 'name': 'Detik.com'}"",Mochamad Zhacky,""Dituduh Lindungi Harun Masiku, Yasonna: Belum Ingin Harakiri Politik"",""""""Yang saya nggak suka, ada orang berasumsi seolah-olah saya itu melindungi (Harun Masiku), bukan melindungi,"""" kata Yasonna di kompleks MPR/DPR."",https://news.detik.com/berita/d-4879863/dituduh-lindungi-harun-masiku-yasonna-belum-ingin-harakiri-politik,https://awsimages.detik.net.id/api/wm/2020/01/27/818457c4-584e-47ed-b1c5-a4199b59afdb_169.jpeg?wid=54&w=650&v=1&t=jpeg,2020-01-30T13:54:53Z,""Jakarta - Menteri Hukum (Menkum) dan HAM, Yasonna H Laoly geram kepada pihak-pihak yang menuduhnya melindungi tersangka KPK, Harun Masiku. Yasonna menyebut tidak ingin membunuh karir politiknya hanya untuk Harun."
"Pernyataan itu disampaikan Yasonna saat ditan… [+996 chars]"""
"27,""{'id': None, 'name': 'Detik.com'}"",Eva Safitri,Yasonna Laoly Siap Mundur dari Menteri Jika Ronny Sompie Tak Bersalah,""""""Ya orang nggak salah gimana? Kalau (Ronny) nggak salah, saya yang mundur dari menteri, karena saya yakin (Ronny) salah,"""" kata Yasonna."",https://news.detik.com/berita/d-4879859/yasonna-laoly-siap-mundur-dari-menteri-jika-ronny-sompie-tak-bersalah,https://awsimages.detik.net.id/api/wm/2020/01/27/818457c4-584e-47ed-b1c5-a4199b59afdb_169.jpeg?wid=54&w=650&v=1&t=jpeg,2020-01-30T13:51:32Z,""Jakarta - Menkum HAM Yasonna Laoly menyatakan siap mundur dari jabatannya jika tak ada kesalahan dari pihak Imigrasi terkait Harun Masiku. Yasonna yakin soal perlintasan Harun Masiku terjadi kesalahan dari pihak Imigrasi."
"Ya orang nggak salah gimana? Kalau … [+2746 chars]"""
"28,""{'id': None, 'name': 'Detik.com'}"",Yogi Ernes,ICW Sebut Pimpinan KPK Macan Ompong Karena Tak Bisa Tangkap Harun Masiku,""""""Soal Nazaruddin (mantan Bendum Partai Demokrat M Nazaruddin) yang di Kolombia, berpuluh-puluh jam saja bisa dapat sama KPK. Kok HM nggak dapat?"""" ujar Kurnia."",https://news.detik.com/berita/d-4879853/icw-sebut-pimpinan-kpk-macan-ompong-karena-tak-bisa-tangkap-harun-masiku,https://awsimages.detik.net.id/api/wm/2019/12/29/b972a2de-76c5-429f-aa8f-4a5d79f6cfe0_169.jpeg?wid=54&w=650&v=1&t=jpeg,2020-01-30T13:42:28Z,""Jakarta - Peneliti ICW, Kurnia Ramadhana, mengatakan pimpinan KPK saat ini seperti macam ompong. Hal tersebut diungkapkan seiring kekecewaan ICW terkait belum berhasil ditangkapnya Harun Masiku. "
"Jadi macan ompong dan dikenal buruk, jadi pantas disematkan p… [+1306 chars]"""
"29,""{'id': None, 'name': 'Detik.com'}"",Ibnu Hariyanto,KPK Tahan Bupati Solok Selatan Tersangka Suap,""KPK menahan tersangka kasus dugaan suap pembangunan Masjid Agung Solok Selatan dan jembatan Ambayan, Muzni Zakaria."",https://news.detik.com/berita/d-4879852/kpk-tahan-bupati-solok-selatan-tersangka-suap,https://awsimages.detik.net.id/api/wm/2020/01/30/fbcfbb3e-bf0d-450c-908c-c965cc800dde_169.jpeg?wid=54&w=650&v=1&t=jpeg,2020-01-30T13:41:06Z,""Jakarta - KPK menahan tersangka kasus dugaan suap pembangunan Masjid Agung Solok Selatan dan jembatan Ambayan, Muzni Zakaria. Bupati Solok Selatan ini ditahan untuk 20 hari pertama."
"Hari ini penyidik KPK melakukan penahan terhadap tersangka MZ, Bupati Solok… [+1203 chars]"""
"30,""{'id': None, 'name': 'Detik.com'}"",Ibnu Hariyanto,KPK Tetapkan 14 Eks Anggota DPRD Sumut Sebagai Tersangka Kasus Suap,""""""14 tersangka tersebut diduga menerima fee dengan jumlah beragam dari Gatot Pujo Nugroho,"""" kata Ali Fikri."",https://news.detik.com/berita/d-4879837/kpk-tetapkan-14-eks-anggota-dprd-sumut-sebagai-tersangka-kasus-suap,https://awsimages.detik.net.id/api/wm/2015/12/29/7f877f3b-488b-4a14-ab68-be9ae11fc58a_169.jpg?wid=54&w=650&v=1&t=jpeg,2020-01-30T13:18:58Z,""Jakarta - KPK menetapkan tersangka baru dalam kasus dugaan suap anggota DPRD Sumatera Utara. Total ada 14 orang tersangka yang ditetapkan KPK."
"Ada 14 tersangka yang ditetapkan KPK,"""" kata Plt Jubir KPK Ali Fikri di kantornya, Jl Kuningan Persada, Jakarta Sel… [+1821 chars]"""
"31,""{'id': None, 'name': 'Detik.com'}"",Yogi Ernes,LBH Jakarta Kritik Sikap Jokowi ke Yasonna: Terlalu Lembut,""""""Ketika Presiden sikapnya sangat lunak, kita tentu bisa menilai apa yang digembor-gemborkan pemberantasan korupsi hanya omong kosong,"""" kata Arif."",https://news.detik.com/berita/d-4879785/lbh-jakarta-kritik-sikap-jokowi-ke-yasonna-terlalu-lembut,https://awsimages.detik.net.id/api/wm/2020/01/30/8b8fda16-ea5a-478f-889e-8fce0bb872cb_169.jpeg?wid=54&w=650&v=1&t=jpeg,2020-01-30T12:28:05Z,Jakarta - Direktur Lembaga Bantuan Hukum (LBH) Jakarta Arif Maulana menilai sikap Presiden Joko Widodo (Jokowi) ke Menkum HAM Yasonna Laoly terlalu lembut. Arif menilai seharusnya Jokowi tak membiarkan menterinya membuat pernyataan yang simpang siur soal kebe… [+2225 chars]"
"32,""{'id': None, 'name': 'Detik.com'}"",Yogi Ernes,Koalisi Antikorupsi Minta KPK Selidiki Yasonna Soal Perlintasan Harun Masiku,""""""Dua permintaan, Presiden Jokowi segera mencopot Yasonna. Kedua KPK segera menerbitkan surat perintah penyelidikan terhadap Yasonna,"""" kata Kurnia."",https://news.detik.com/berita/d-4879586/koalisi-antikorupsi-minta-kpk-selidiki-yasonna-soal-perlintasan-harun-masiku,https://awsimages.detik.net.id/api/wm/2020/01/30/8b8fda16-ea5a-478f-889e-8fce0bb872cb_169.jpeg?wid=54&w=650&v=1&t=jpeg,2020-01-30T11:02:11Z,""Jakarta - Koalisi Masyarakat Sipil Antikorupsi mendesak KPK menerbitkan surat perintah penyelidikan terhadap Menteri Hukum dan HAM, Yasonna Laoly terkait Harun Masiku. Tuntutan itu atas dasar laporan terhadap Yasonna yang dinilai terindikasi merintangi penyid… [+2318 chars]"""
"33,""{'id': None, 'name': 'Detik.com'}"",Yogi Ernes,Imparsial soal Perburuan Harun Masiku: Kita Disajikan Dagelan Aneh,`Husein melanjutkan masyarakat cenderung abai akan keputusan pemerintah mengangkat anggota TNI-Polri dalam jabatan publik.,https://news.detik.com/berita/d-4879548/imparsial-soal-perburuan-harun-masiku-kita-disajikan-dagelan-aneh,https://awsimages.detik.net.id/api/wm/2020/01/30/85938536-40a4-493c-b36a-275efca7c723_169.jpeg?wid=54&w=650&v=1&t=jpeg,2020-01-30T10:32:35Z,""Jakarta - Peneliti dari Imparsial, Husein Ahmad, mengatakan perburuan Harun Masiku menyajikan lelucon-lelucon aneh. Husein memulai dari pencopotan Ronny Sompie dari jabatan Dirjen Imigrasi."
"Yasonna Laoly dalam statement-nya mengatakan akan conflict of inter… [+1555 chars]"""
"34,""{'id': None, 'name': 'Detik.com'}"",Ibnu Hariyanto,4 Tersangka Kasus Suap Pajak Dealer Jaguar-Bentley Segera Disidang,KPK menuntaskan proses penyidikan terhadap empat tersangka kasus dugaan suap pajak dealer mobil mewah. Keempat tersangka itu akan segera disidang.,https://news.detik.com/berita/d-4879539/4-tersangka-kasus-suap-pajak-dealer-jaguar-bentley-segera-disidang,https://awsimages.detik.net.id/api/wm/2015/12/29/655d50a1-ba3f-4718-ac5d-a649b9acf425_169.jpg?wid=54&w=650&v=1&t=jpeg,2020-01-30T10:24:31Z,""Jakarta - KPK menuntaskan penyidikan terhadap empat tersangka kasus dugaan suap pajak dealer mobil mewah. Keempat tersangka itu akan segera disidang."
"Perkara dugaan suap terkait pemeriksaan atas restitusi pajak PT WAE tahun pajak 2015 dan 2016 telah dinyata… [+993 chars]"""
"35,""{'id': None, 'name': 'Detik.com'}"",Eva Safitri,Kapolri Tegaskan Buru Harun Masiku Seperti Tangkap Miryam di Kasus e-KTP,""Kapolri Jenderal Idham Azis menegaskan pihaknya akan membantu KPK menangkap tersangka kasus suap Komisioner KPU Wahyu Setiawan, Harun Masiku (HM)."",https://news.detik.com/berita/d-4879487/kapolri-tegaskan-buru-harun-masiku-seperti-tangkap-miryam-di-kasus-e-ktp,https://awsimages.detik.net.id/api/wm/2019/11/20/ce177253-c185-42f1-9738-37f4ac960250_169.jpeg?wid=54&w=650&v=1&t=jpeg,2020-01-30T09:48:08Z,""Jakarta - Kapolri Jenderal Idham Azis menegaskan pihaknya akan membantu KPK menangkap tersangka kasus suap Komisioner KPU Wahyu Setiawan, Harun Masiku (HM). Idham mengatakan Polri juga membantu KPK dalam penangkapan-penangkapan kasus sebelumnya."
"Saya tadi s… [+829 chars]"""
"36,""{'id': None, 'name': 'Detik.com'}"",Ibnu Hariyanto,""Jawab Kritik BW, Pimpinan KPK: Tuduhan Intervensi Pemeriksaan Itu Konyol"",""""""Tudingan intervensi atau campur tangan itulah yang sebenarnya konyol,"""" ujar Wakil Ketua KPK Nawawi Pomolango."",https://news.detik.com/berita/d-4879410/jawab-kritik-bw-pimpinan-kpk-tuduhan-intervensi-pemeriksaan-itu-konyol,https://awsimages.detik.net.id/api/wm/2019/12/20/da182a09-d188-457c-926c-6fdf8fdff007_169.jpeg?wid=54&w=650&v=1&t=jpeg,2020-01-30T09:10:46Z,""Jakarta - Wakil Ketua KPK Nawawi Pomolango menjawab tuduhan dianggap melakukan intervensi terhadap proses penyidikan karena akan merubah sistem pemanggilan saksi dan tersangka. Ia menilai tuduhan tersebutlah yang nampak konyol."
"Sebenarnya saya malas membuan… [+1441 chars]"""
"37,""{'id': None, 'name': 'Viva.co.id'}"",""Jujuk Ernawati, Edwin Firdaus, Ahmad Farhan Faris"",""Aspri Mantan Menpora Imam Nahrawi Didakwa Terima Suap Rp11,5 M"",""Berita Aspri Mantan Menpora Imam Nahrawi Didakwa Terima Suap Rp11,5 M terbaru hari ini 2020-01-30 16:04:03 dari sumber yang terpercaya"",https://www.viva.co.id/berita/nasional/1197970-aspri-mantan-menpora-imam-nahrawi-didakwa-terima-suap-rp11-5-m,https://thumb.viva.co.id/media/frontend/thumbs3/2018/12/20/5c1b19425d84f-penyidik-menunjukkan-barang-bukti-uang-saat-konferensi-pers-terkait-operasi-tang_665_374.jpg,2020-01-30T09:04:03Z,""VIVA  Jaksa Komisi Pemberantasan Korupsi (KPK) mendakwa asisten pribadi (aspri) mantan Menteri Pemuda dan Olahraga (menpora) Imam Nahrawi, Miftahul Ulum menerima suap sekitar Rp11,5 miliar. "
"Jaksa KPK Budhi Sarumpaet mengatakan bahwa mantan Sekretaris Jender… [+2651 chars]"""
"38,""{'id': None, 'name': 'Detik.com'}"",Faiq Hidayat,Lutfi 'Pembawa Bendera' Divonis 4 Bulan Penjara,Dede Lutfi Alfiandi alias Dede divonis 4 bulan penjara. Lutfi terbukti bersalah melakukan perbuatan melawan polisi saat demonstrasi pada 30 September 2019.,https://news.detik.com/berita/d-4879334/lutfi-pembawa-bendera-divonis-4-bulan-penjara,https://awsimages.detik.net.id/api/wm/2020/01/29/282f6da0-03ef-4753-b13b-9ee313c1cd2e_169.jpeg?wid=54&w=650&v=1&t=jpeg,2020-01-30T08:32:57Z,""Jakarta - Dede Lutfi Alfiandi alias Dede -- yang fotonya viral tengah membawa bendera Merah Putih saat melakukan demonstrasi -- divonis 4 bulan penjara. Lutfi terbukti bersalah melakukan perbuatan melawan polisi saat demonstrasi pada 30 September 2019."
"Meny… [+1287 chars]"""
"39,""{'id': None, 'name': 'Detik.com'}"",Faiq Hidayat,Jaksa Ungkap Peran Taufik Hidayat di Sidang Eks Aspri Menpora,""Jaksa KPK mengungkap peran Wakil Ketua Satuan Pelaksana Program Indonesia Emas, Taufik Hidayat dalam kasus suap dan gratifikasi eks aspri Menpora Imam Nahrawi,"",https://news.detik.com/berita/d-4879294/jaksa-ungkap-peran-taufik-hidayat-di-sidang-eks-aspri-menpora,https://awsimages.detik.net.id/api/wm/2020/01/30/f2806962-b6fe-4c3f-82bc-6b655c813036_169.jpeg?wid=54&w=650&v=1&t=jpeg,2020-01-30T08:09:17Z,""Jakarta - Jaksa KPK mengungkap peran Wakil Ketua Satuan Pelaksana Program Indonesia Emas (Satlak Prima), Taufik Hidayat dalam kasus suap dan gratifikasi eks asisten pribadi (aspri) Menpora Imam Nahrawi, Miftahul Ulum. Seperti apa?"
"Dalam surat dakwaan Miftahu… [+900 chars]"""
"40,""{'id': None, 'name': 'Detik.com'}"",Faiq Hidayat,""Eks Aspri juga Didakwa Terima Gratifikasi Rp 8,6 M Bersama Imam Nahrawi"",""Eks Aspri Menpora Imam Nahrawi, Miftahul Ulum didakwa menerima gratifikasi Rp 8,6 miliar. Penerimaan gratifikasi itu bersama-sama Imam saat menjabat Menpora."",https://news.detik.com/berita/d-4879283/eks-aspri-juga-didakwa-terima-gratifikasi-rp-86-m-bersama-imam-nahrawi,https://awsimages.detik.net.id/api/wm/2020/01/30/f2806962-b6fe-4c3f-82bc-6b655c813036_169.jpeg?wid=54&w=650&v=1&t=jpeg,2020-01-30T07:58:41Z,""Jakarta - Eks asisten pribadi Menteri Pemuda dan Olahraga (Menpora) Imam Nahrawi, Miftahul Ulum, didakwa bersama-sama Imam menerima uang Rp 11,5 miliar untuk mempercepat proses pencairan dana hibah yang diajukan KONI ke Kemenpora. Selain itu, Imam Miftahul Ul… [+2085 chars]"""
"41,""{'id': None, 'name': 'Detik.com'}"",Eva Safitri,Kapolri Jawab Kabar Penyelidik KPK Disekap di PTIK Saat Kejar Harun Masiku,Kapolri Jenderal Idham Azis menjawab kabar penyelidik KPK disekap polisi di PTIK saat memburu Harun Masiku. Apa kata Idham?,https://news.detik.com/berita/d-4879196/kapolri-jawab-kabar-penyelidik-kpk-disekap-di-ptik-saat-kejar-harun-masiku,https://awsimages.detik.net.id/api/wm/2019/11/20/ce177253-c185-42f1-9738-37f4ac960250_169.jpeg?wid=54&w=650&v=1&t=jpeg,2020-01-30T07:03:37Z,""Jakarta - Usai Fraksi PAN, Anggota Komisi III Fraksi Partai Demokrat Benny K Harman juga meminta konfirmasi terkait informasi penyelidik KPK yang disekap semalam suntuk di Perguruan Tinggi Ilmu Kepolisian (PTIK). Benny meminta Kapolri Jenderal Idham Azis menj… [+860 chars]"""
"42,""{'id': None, 'name': 'Detik.com'}"",Ibnu Hariyanto,""4 Polisi-Jaksa Dikembalikan, ICW Minta KPK Tak Gusur Pegawai Berintegritas"",ICW menyoroti rencana penarikan empat pegawai KPK untuk kembali ke institusi asalnya. ICW meminta Pimpinan KPK mematuhi aturan kepegawaian secara baik.,https://news.detik.com/berita/d-4879206/4-polisi-jaksa-dikembalikan-icw-minta-kpk-tak-gusur-pegawai-berintegritas,https://awsimages.detik.net.id/api/wm/2019/11/22/3ad5fbde-0f65-4005-b7ac-74034e50c25a_169.jpeg?wid=54&w=650&v=1&t=jpeg,2020-01-30T07:00:39Z,""Jakarta - Indonesia Corruption Watch (ICW) menyoroti rencana penarikan empat pegawai KPK untuk kembali ke institusi asalnya. ICW meminta pimpinan KPK mematuhi aturan kepegawaian secara baik."
"ICW meminta pimpinan KPK menjalankan aturan secara benar terkait k… [+1200 chars]"""
"43,""{'id': None, 'name': 'Detik.com'}"",Faiq Hidayat,""Eks Aspri Didakwa Terima Suap Rp 11,5 M Bersama Imam Nahrawi"",""Eks aspri Menpora Imam Nahrawi, Miftahul Ulum, didakwa bersama-sama Imam menerima uang Rp 11,5 miliar untuk mempercepat pencairan dana hibah yang diajukan KONI."",https://news.detik.com/berita/d-4879195/eks-aspri-didakwa-terima-suap-rp-115-m-bersama-imam-nahrawi,https://awsimages.detik.net.id/api/wm/2020/01/30/f2806962-b6fe-4c3f-82bc-6b655c813036_169.jpeg?wid=54&w=650&v=1&t=jpeg,2020-01-30T07:00:33Z,""Jakarta - Eks asisten pribadi Menteri Pemuda dan Olahraga (Menpora) Imam Nahrawi, Miftahul Ulum, didakwa bersama-sama Imam menerima uang Rp 11,5 miliar. Penerimaan uang itu untuk mempercepat proses pencairan dana hibah yang diajukan KONI ke Kemenpora."
"Telah… [+2272 chars]"""
"44,""{'id': None, 'name': 'Viva.co.id'}"",""Jujuk Ernawati, Ahmad Farhan Faris"",""100 Kerja Jokowi-Maruf, Ramai Tagar #100HariUnfaedah"",""Berita 100 Kerja Jokowi-Maruf, Ramai Tagar #100HariUnfaedah terbaru hari ini 2020-01-30 13:50:01 dari sumber yang terpercaya"",https://www.viva.co.id/berita/nasional/1197949-100-kerja-jokowi-maruf-ramai-tagar-100hariunfaedah,https://thumb.viva.co.id/media/frontend/thumbs3/2019/10/23/5db028cc03bd0-jajaran-menteri-kabinet-indonesia-maju_665_374.jpg,2020-01-30T06:50:01Z,""VIVA  Presiden Joko Widodo (Jokowi) dan Wakil Presiden Maruf Amin sudah memasuki 100 hari kerja bersama Kabinet Menteri Indonesia Maju periode 2019-2024. Namun, tiba-tiba ramai tanda pagar (tagar) #100HariUnfaedah di media sosial Twitter pada Kamis, 30 Januar… [+1622 chars]"""
"45,""{'id': None, 'name': 'Detik.com'}"",Eva Safitri,""Dicecar Komisi III soal Harun Masiku di PTIK, Kapolri: Nggak Tahu"",Anggota Komisi III Fraksi PAN Sarifuddin Sudding mempertanyakan keberadaan tersangka Harun Masiku di PTIK saat OTT KPK yang menjerat Wahyu Setiawan.,https://news.detik.com/berita/d-4879149/dicecar-komisi-iii-soal-harun-masiku-di-ptik-kapolri-nggak-tahu,https://awsimages.detik.net.id/api/wm/2020/01/30/20c4b862-5180-4935-87ba-628261cdb0d0_169.jpeg?wid=54&w=650&v=1&t=jpeg,2020-01-30T06:35:15Z,""Jakarta - Anggota Komisi III Fraksi PAN, Sarifuddin Sudding, mempertanyakan soal keberadaan tersangka Harun Masiku di PTIK saat OTT KPK yang menjerat eks Komisioner KPU Wahyu Setiawan. Sudding meminta Kapolri Jenderal Idham Azis menjelaskan informasi tersebut… [+731 chars]"""
"46,""{'id': None, 'name': 'Detik.com'}"",Ibnu Hariyanto,BW Kritik Rencana KPK Ubah Sistem Pemeriksaan Saksi-Tersangka: Konyol,Eks Komisioner KPK Bambang Widjojanto (BW) mengkritik rencana Pimpinan KPK Firli Bahuri cs mengubah sistem pemeriksaan saksi atau tersangka.,https://news.detik.com/berita/d-4879078/bw-kritik-rencana-kpk-ubah-sistem-pemeriksaan-saksi-tersangka-konyol,https://awsimages.detik.net.id/api/wm/2016/09/28/14d0fb91-e808-44b2-b266-4f07dc24c109_169.jpg?wid=54&w=650&v=1&t=jpeg,2020-01-30T05:52:12Z,""Jakarta - Eks Komisioner KPK Bambang Widjojanto (BW) mengkritik rencana Pimpinan KPK Firli Bahuri cs mengubah sistem pemeriksaan saksi atau tersangka. BW menilai rencana itu berpotensi meruntuhkan independensi KPK."
"Secara perlahan tapi pasti independensi KP… [+2470 chars]"""
"47,""{'id': None, 'name': 'Viva.co.id'}"",""Eko Priliawito, Edwin Firdaus"",""Bila Benar di PTIK, Harun Masiku Bakal Tertangkap atau Diserahkan"",""Berita Bila Benar di PTIK, Harun Masiku Bakal Tertangkap atau Diserahkan terbaru hari ini 2020-01-30 12:15:43 dari sumber yang terpercaya"",https://www.viva.co.id/berita/nasional/1197938-bila-benar-di-ptik-harun-masiku-bakal-tertangkap-atau-diserahkan,https://thumb.viva.co.id/media/frontend/thumbs3/2017/03/08/58bffd5a2f670-gedung-kpk_665_374.jpg,2020-01-30T05:15:43Z,""VIVA  Keterlambatan informasi perlintasan politisi PDIP, Harun Masiku, buronan yang menjadi tersangka kasus suap pergantian antarwaktu anggota DPR harus diungkap secara tuntas. Namun, langkah awal yang perlu dilakukan adalah mencari dan menangkap Harun Masiku… [+1795 chars]"""
"48,""{'id': None, 'name': 'Detik.com'}"",Achmad Dwi Afriyadi,Daftar Panjang BUMN yang Dirombak di 100 Hari Kerja Jokowi,Daftar Panjang BUMN yang Dirombak di 100 Hari Kerja Jokowi,https://finance.detik.com/berita-ekonomi-bisnis/d-4878962/daftar-panjang-bumn-yang-dirombak-di-100-hari-kerja-jokowi,https://awsimages.detik.net.id/api/wm/2020/01/29/f4ebbf2a-86b5-472e-883d-537f27b332c9_169.jpeg?wid=54&w=650&v=1&t=jpeg,2020-01-30T05:05:07Z,""Jakarta - Pemerintahan Presiden Joko Widodo (Jokowi) dan Wakil Presiden Ma'rif Amin telah berjalan 100 hari. Selama itu, telah banyak kebijakan yang dikeluarkan."
"Salah satu kebijakan yang menyorot publik ialah perombakan besar-besaran Badan Usaha Milik Negar… [+1535 chars]"""
"49,""{'id': None, 'name': 'Viva.co.id'}"",""Rochimawati, Edwin Firdaus"",""Cara KPK Memburu Harun Masiku, Sempat Terpantau di PTIK"",""Berita Cara KPK Memburu Harun Masiku, Sempat Terpantau di PTIK terbaru hari ini 2020-01-30 11:48:58 dari sumber yang terpercaya"",https://www.viva.co.id/berita/politik/1197931-cara-kpk-memburu-harun-masiku-sempat-terpantau-di-ptik,https://thumb.viva.co.id/media/frontend/thumbs3/2020/01/24/5e2a520cc4591-harun-masiku_665_374.jpg,2020-01-30T04:48:58Z,""VIVA  Komisi Pemberantasan Korupsi mengakui politikus PDIP Harun Masiku sempat berada di sekitar Perguruan Tinggi Ilmu Kepolisian (PTIK). KPK mendeteksi keberadaan Harun tersebut saat proses penyelidikan hingga operasi tangkap tangan terjadi pada Rabu, 8 Janu… [+3726 chars]"""
"50,""{'id': None, 'name': 'Detik.com'}"",Ibnu Hariyanto,Foto DPO Harun Masiku Dipajang di Situs Resmi KPK,KPK memasukkan tersangka kasus dugaan suap Harun Masiku dalam daftar pencarian orang (DPO). Foto Harun Masiku sebagai DPO juga dipasang di situs resmi,https://news.detik.com/berita/d-4878941/foto-dpo-harun-masiku-dipajang-di-situs-resmi-kpk,https://awsimages.detik.net.id/api/wm/2020/01/26/232ba4f7-2957-4f22-b276-de0ee34ab582_169.png?wid=54&w=650&v=1&t=jpeg,2020-01-30T04:46:02Z,""Jakarta - KPK memasukkan tersangka kasus dugaan suap Harun Masiku dalam daftar pencarian orang (DPO). Foto Harun Masiku sebagai DPO juga dipasang di situs resmi KPK."
"Dilihat detikcom di situs resmi KPK, kpk.go.id, Kamis (30/1/2020), nama Harun Masiku tertuli… [+1145 chars]"""
"51,""{'id': None, 'name': 'Viva.co.id'}"",""Cesaria Hapsari, BBC Indonesia"",""100 Hari Kerja Jokowi-Ma'ruf, Genjot Investasi tapi Lembek di KPK"",""Berita 100 Hari Kerja Jokowi-Ma'ruf, Genjot Investasi tapi Lembek di KPK terbaru hari ini 2020-01-30 11:35:15 dari sumber yang terpercaya"",https://www.viva.co.id/berita/politik/1197921-100-hari-kerja-jokowi-ma-ruf-genjot-investasi-tapi-lembek-di-kpk,https://thumb.viva.co.id/media/frontend/thumbs3/2020/01/30/5e325b0741714-jokowi-ma-ruf-amin-100-hari-kerja-fokus-pada-investasi-pelemahan-kpk-kata-pengamat_665_374.jpg,2020-01-30T04:35:15Z,""Upaya Presiden Joko Widodo meningkatkan investasi di periode kedua pemerintahannya dapat terhalang oleh `pelemahan Komisi Pemberantasan Korupsi (KPK)`, ujar pengamat."
"Pada 100 hari pertama pemerintahan Presiden Joko Widodo-Wakil Presiden Ma`ruf Amin ditandai… [+6104 chars]"""
"52,""{'id': None, 'name': 'Viva.co.id'}"",ikangmasud,Korupsi dan Petak Umpet,Berita Korupsi dan Petak Umpet terbaru hari ini 2020-01-30 10:51:02 dari sumber yang terpercaya,https://www.viva.co.id/vstory/opini-vstory/1197913-korupsi-dan-petak-umpet,https://thumb.viva.co.id/media/frontend/thumbs3/2020/01/30/5e325280b4f73-korupsi-dan-petak-umpet_665_374.jpg,2020-01-30T03:51:02Z,""VIVA - Kalau membicarakan korupsi di Indonesia rasanya nongkrong di angkringan atau warung kopi sampai satu minggu juga tidak akan habis dikupas. Apalagi kalau sambil membicarakan printilan dari pelaku korupsi itu, seperti jumlah rekeningnya yang sudah pasti … [+5256 chars]"""
"53,""{'id': None, 'name': 'Detik.com'}"",Ibnu Hariyanto,KPK Panggil Dokter Lapas Sukamiskin Jadi Saksi Kasus Suap Wawan,""""""Dipanggil sebagai saksi untuk tersangka TCW,"""" kata Plt Jubir KPK Ali Fikri."",https://news.detik.com/berita/d-4878806/kpk-panggil-dokter-lapas-sukamiskin-jadi-saksi-kasus-suap-wawan,https://awsimages.detik.net.id/api/wm/2020/01/28/37a74930-76df-48ff-8282-18149e25c745_169.jpeg?wid=54&w=650&v=1&t=jpeg,2020-01-30T03:40:40Z,""Jakarta - KPK memanggil dokter Lembaga Permasyarakatan (Lapas) Klas I Sukamiskin Dewi Murni Ayu terkait kasus dugaan suap Kalapas Sukamiskin Wahid Husein. Dewi diperiksa sebagai saksi untuk tersangka Tubagus Chaeri Wardana (TCW) alias Wawan."
"Dipanggil sebag… [+622 chars]"""
"54,""{'id': None, 'name': 'Detik.com'}"",Ibnu Hariyanto,KPK Panggil Elite Berkarya Vasco Ruseimy Jadi Saksi Kasus Korupsi Kemenag,Penyidik KPK memanggil Ketua DPP Partai Berkarya Vasco Ruseimy terkait kasus dugaan korupsi pengadaan barang dan jasa di lingkungan Kemenag tahun 2011.,https://news.detik.com/berita/d-4878798/kpk-panggil-elite-berkarya-vasco-ruseimy-jadi-saksi-kasus-korupsi-kemenag,https://awsimages.detik.net.id/api/wm/2019/05/11/abe38810-1811-4cdf-ae96-469850f24525_169.jpeg?wid=54&w=650&v=1&t=jpeg,2020-01-30T03:33:50Z,""Jakarta - Penyidik KPK memanggil Ketua DPPPartai BerkaryaVasco Ruseimy terkait kasus dugaan korupsi pengadaan barang dan jasa di lingkungan Kemenag tahun 2011. Vasco akan diperiksa sebagai saksi untuk tersangka Undang Sumantri."
"Dipanggil sebagai saksi untuk… [+786 chars]"""
"55,""{'id': None, 'name': 'Detik.com'}"",Kanavino Ahmad Rizqo,""2 Wasekjen PD Bakal Sambangi PTIK Terkait Harun Masiku, Polri: Silakan"",""""""Silakan saja, itu hak dari warga negara,"""" kata Karo Penmas Divisi Humas Polri, Brigjen Argo Yuwono."",https://news.detik.com/berita/d-4878757/2-wasekjen-pd-bakal-sambangi-ptik-terkait-harun-masiku-polri-silakan,https://awsimages.detik.net.id/api/wm/2020/01/15/370df4fb-4a1c-4076-aba9-816480d44fee_169.jpeg?wid=54&w=650&v=1&t=jpeg,2020-01-30T02:43:03Z,""Jakarta - 2 Wasekjen Partai Demokrat (PD) Andi Arief dan Rachland Nashidik berencana mendatangi Perguruan Tinggi Ilmu Kepolisian (PTIK) terkait keberadaan Harun Masiku. Polri mempersilakan jika dua elite PD itu ingin menyambangi PTIK."
"Silakan saja, itu hak … [+446 chars]"""
"56,""{'id': None, 'name': 'Detik.com'}"",Tim detikcom,KPK Soal Digital Forensik Sistem Imigrasi: Kami Fokus Cari Harun Masiku,""""""...Yang pasti KPK tetap fokus untuk melakukan pencarian terhadap tersangka,"""" kata Plt Jubir KPK, Ali Fikri."",https://news.detik.com/berita/d-4878726/kpk-soal-digital-forensik-sistem-imigrasi-kami-fokus-cari-harun-masiku,https://awsimages.detik.net.id/api/wm/2020/01/13/e1f39919-657e-44b3-8c41-b52003201514_169.jpeg?wid=54&w=650&v=1&t=jpeg,2020-01-30T02:15:06Z,Jakarta - Ketua Yayasan Lembaga Bantuan Hukum Indonesia (YLBHI) Asfinawati meminta KPK melakukan pemeriksaan digital forensik terhadap sistem imigrasi untuk mengusut dugaan kesalahan sistem IT terkait kedatangan Harun Masiku ke Indonesia. KPK menegaskan sejak… [+628 chars]"
"57,""{'id': None, 'name': 'Detik.com'}"",Kanavino Ahmad Rizqo,""2 Wasekjen PD Bakal Sambangi PTIK Terkait Harun Masiku, Ini Kata KPK"",Duo Wasekjen PD Andi Arief dan Rachland Nashidik bakal menyambangi PTIK terkait keberadaan tersangka suap KPK Harun Masiku. Apa kata KPK?,https://news.detik.com/berita/d-4878687/2-wasekjen-pd-bakal-sambangi-ptik-terkait-harun-masiku-ini-kata-kpk,https://awsimages.detik.net.id/api/wm/2020/01/13/07f204d0-0636-4ad3-a72f-9ee4a7dc5b3b_169.jpeg?wid=54&w=650&v=1&t=jpeg,2020-01-30T01:34:33Z,Jakarta - Duo Wasekjen Partai Demokrat (PD) Andi Arief dan Rachland Nashidik bakal menyambangi Perguruan Tinggi Ilmu Kepolisian (PTIK) terkait keberadaan tersangka suap KPK Harun Masiku. KPK tak merespons secara khusus rencana dua elite PD tersebut namun mene… [+501 chars]"
"58,""{'id': None, 'name': 'Eastasiaforum.org'}"",Deasy Simandjuntak,Indonesia’s democracy under challenge,""Author: Deasy Simandjuntak, ISEAS-Yusof Ishak Institute At a time when electoral democracy has retreated in the region, Indonesia successfully held one of the world’s largest and generally considered free and fair presidential and parliamentary elections. Pre…"",https://www.eastasiaforum.org/2020/01/30/indonesias-democracy-under-challenge/,https://www.eastasiaforum.org/wp-content/uploads/2020/01/2019-06-27T151134Z_1562539802_RC14B3149CF0_RTRMADP_3_INDONESIA-ELECTION-600x387.jpg,2020-01-29T23:00:14Z,""Author: Deasy Simandjuntak, ISEAS-Yusof Ishak Institute"
"At a time when electoral democracy has retreated in the region, Indonesia successfully held one of the worlds largest and generally considered free and fair presidential and parliamentary elections. Pre… [+6528 chars]"""
"59,""{'id': None, 'name': 'Detik.com'}"",Ibnu Hariyanto,""Buru Harun Masiku, KPK Mengaku Sudah ke Sulawesi hingga Sumatera"",Namun Ali enggan menjelaskan lebih detail lokasi pencarian Harun itu. Ia menyebut KPK berkerja sama dengan Polri untuk melakukan pencarian.,https://news.detik.com/berita/d-4878557/buru-harun-masiku-kpk-mengaku-sudah-ke-sulawesi-hingga-sumatera,https://awsimages.detik.net.id/api/wm/2020/01/13/07f204d0-0636-4ad3-a72f-9ee4a7dc5b3b_169.jpeg?wid=54&w=650&v=1&t=jpeg,2020-01-29T15:46:00Z,""Jakarta - KPK mengaku terus berupaya menangkap tersangka kasus dugaan suap Harun Masiku. KPK mengaku sudah mencari ke Sulawesi dan Sumatera, namun Harun belum ketemu."
"Ya sudah kami lakukan dan kemudian belum menemukan hasil, kemarin kan di Sulawesi dan Suma… [+1034 chars]"""
"60,""{'id': None, 'name': 'Detik.com'}"",Ibnu Hariyanto,KPK Sempat Deteksi Harun Masiku di PTIK Sebelum OTT Wahyu Setiawan,KPK menyebut sempat mendeteksi keberadaan tersangka suap Harun Masiku di sekitar Perguruan Tinggi Ilmu Kepolisian (PTIK) ketika proses penyelidikan.,https://news.detik.com/berita/d-4878520/kpk-sempat-deteksi-harun-masiku-di-ptik-sebelum-ott-wahyu-setiawan,https://awsimages.detik.net.id/api/wm/2020/01/27/8373fa0f-7796-4bb3-a0bc-53408bfd4dec_169.jpeg?wid=54&w=650&v=1&t=jpeg,2020-01-29T14:21:28Z,Jakarta - KPK menyebut sempat mendeteksi keberadaan tersangka suap Harun Masiku ketika melakukan penyelidikan sebelum operasi tangkap tangan (OTT) yang menjerat eks Komisioner KPU Wahyu Setiawan. KPK menyebut Harun terdeteksi di sekitar Perguruan Tinggi Ilmu … [+837 chars]"
"61,""{'id': None, 'name': 'Detik.com'}"",Tim detikcom,Saat Yasonna Laoly Diminta 'Susul' Ronny Sompie,Tentang seorang buronan KPK Harun Masiku berimbas pada lengsernya Ronny F Sompie dari jabatannya sebagai Direktur Jenderal Imigrasi.,https://news.detik.com/berita/d-4878511/saat-yasonna-laoly-diminta-susul-ronny-sompie,https://awsimages.detik.net.id/api/wm/2015/01/21/2ade878e-38fb-412a-b703-2e32590b9baa_169.jpg?wid=54&w=650&v=1&t=jpeg,2020-01-29T14:14:13Z,""Jakarta - Tentang seorang buronan KPK Harun Masiku berimbas pada lengsernya Ronny F Sompie dari jabatannya sebagai Direktur Jenderal Imigrasi. Namun suara lain mendorong agar atasan Ronny ikut menyusul yaitu Yasonna H Laoly."
"Bermula dari simpang-siur informa… [+940 chars]"""
"62,""{'id': None, 'name': 'Detik.com'}"",Ibnu Hariyanto,KPK Cecar Cak Imin soal Aliran Duit di Suap Proyek PUPR,""""""Pengetahuan saksi bagaimana kemudian yang kami tersangkakan kepada tersangka terkait pemberian uang Rp 7 M, ada sekitar Rp 1 M,"""" kata Ali Fikri."",https://news.detik.com/berita/d-4878480/kpk-cecar-cak-imin-soal-aliran-duit-di-suap-proyek-pupr,https://awsimages.detik.net.id/api/wm/2020/01/29/684ecf08-cb61-4008-bbc4-daf4f8598bac_169.jpeg?wid=54&w=650&v=1&t=jpeg,2020-01-29T13:28:09Z,""Jakarta - KPK memeriksa Wakil Ketua DPR RI Muhaimin Iskandar alias Cak Imin terkait kasus dugaan suap proyek Kementerian PUPR. Cak Imin dicecar KPK seputar proyek pengerjaan jalan di Maluku dan Maluku Utara tahun 2016 itu."
"Kepada Pak Muhaimin terkait penget… [+1327 chars]"""
"63,""{'id': None, 'name': 'Detik.com'}"",Faiq Hidayat,Jaksa Yadyn Buat Memorandum: Suatu Saat Balik ke KPK,Yadyn menyatakan ingin menyelesaikan kasus yang sedang ditanganinya seperti perkara suap dan gratifikasi eks Gubernur Kepri Nurdin Basirun.,https://news.detik.com/berita/d-4878470/jaksa-yadyn-buat-memorandum-suatu-saat-balik-ke-kpk,https://awsimages.detik.net.id/api/wm/2020/01/28/202e6d6a-9d8f-49f2-a071-0e517be35a18_169.jpeg?wid=54&w=650&v=1&t=jpeg,2020-01-29T13:19:59Z,""Jakarta - Yadyn Palebangan salah satu jaksa yang ditarik kembali ke Kejaksaan Agung dari KPK. Yadyn mengatakan sudah membuat memorandum di KPK, sebelum ditarik ke Kejaksaan Agung."
"Saya buat memorandum, saya katakan di sini memorandum perjuangan saya. Saya b… [+759 chars]"""
"64,""{'id': None, 'name': 'Viva.co.id'}"",""Rochimawati, Edwin Firdaus"",Cak Imin Berkelit Terima Uang Suap Proyek,Berita Cak Imin Berkelit Terima Uang Suap Proyek terbaru hari ini 2020-01-29 20:00:01 dari sumber yang terpercaya,https://www.viva.co.id/berita/politik/1197867-cak-imin-berkelit-terima-uang-suap-proyek,https://thumb.viva.co.id/media/frontend/thumbs3/2019/07/05/5d1f08b7016d3-ketum-pkb-muhaimin-iskandar-atau-cak-imin-temui-ma-ruf-amin_665_374.jpg,2020-01-29T13:00:01Z,""VIVA  Tim penyidik Komisi Pemberantasan Korupsi (KPK) merampungkan pemeriksaan Ketua Umum Partai Kebangkitan Bangsa (PKB), Muhaimin Iskandar. "
"Pria yang akrab disapa Cak Imin ini diperiksa sebagai saksi kasus dugaan suap proyek di Kementerian Pekerjaan Umum … [+2938 chars]"""
"65,""{'id': None, 'name': 'Detik.com'}"",Mochamad Zhacky,""Dianggap Korbankan Dirjen Imigrasi, Ini Kata Yasonna Laoly"",""Menteri Hukum dan HAM, Yasonna H Laoly merespons penilaian yang menyebut dirinya 'buang badan' dari kekeliruan data perlintasan tersangka KPK Harun Masiku."",https://news.detik.com/berita/d-4878376/dianggap-korbankan-dirjen-imigrasi-ini-kata-yasonna-laoly,https://awsimages.detik.net.id/api/wm/2020/01/27/818457c4-584e-47ed-b1c5-a4199b59afdb_169.jpeg?wid=54&w=650&v=1&t=jpeg,2020-01-29T12:23:57Z,""Jakarta - Menteri Hukum dan HAM Yasonna H Laoly merespons penilaian yang menyebutnya 'buang badan' dari kekeliruan data perlintasan tersangka KPK Harun Masiku. Bagaimana tanggapan Yasonna?"
"Tanggung jawabnya siapa yang paling apa di situ. Sistemnya saya suda… [+1264 chars]"""
"66,""{'id': None, 'name': 'Viva.co.id'}"",GoenardjoadiGoenawan,""Ada Mafia Gula, KPK Bertindak"",""Berita Ada Mafia Gula, KPK Bertindak terbaru hari ini 2020-01-29 19:08:01 dari sumber yang terpercaya"",https://www.viva.co.id/vstory/opini-vstory/1197870-ada-mafia-gula-kpk-bertindak,https://thumb.viva.co.id/media/frontend/thumbs3/2020/01/29/5e317577aa21d-ada-mafia-gula-kpk-bertindak_665_374.jpg,2020-01-29T12:08:01Z,""VIVA - KPK menetapkan Direktur Utama PTPN III, Dolly Pulungan, sebagai tersangka kasus dugaan suap distribusi gula di perusahaan pelat merah sektor perkebunan ini."
"Dalam kasus ini, KPK telah mengamankan pihak lain dalam Operasi Tangkap Tangan, seperti Direkt… [+3009 chars]"""
"67,""{'id': None, 'name': 'Detik.com'}"",Gibran Maulana Ibrahim,""Lacak Jejak Harun Masiku, Duo Wasekjen PD Bakal Sambangi PTIK"",""""""Kami akan menunggu satu minggu terhitung dari hari ini untuk mendapatkan jawaban terang dari aparat hukum,"""" kata Andi Arief dan Rachland Nashidik."",https://news.detik.com/berita/d-4878176/lacak-jejak-harun-masiku-duo-wasekjen-pd-bakal-sambangi-ptik,https://awsimages.detik.net.id/api/wm/2019/03/04/83719b09-0251-4af8-a4d9-01ca6c188775_169.jpeg?wid=54&w=650&v=1&t=jpeg,2020-01-29T10:59:44Z,""Jakarta - Duo Wasekjen Partai Demokrat (PD) Andi Arief dan Rachland Nashidik bakal menyambangi Perguruan Tinggi Ilmu Kepolisian (PTIK) terkait keberadaan tersangka suap KPK Harun Masiku. Andi Arief dan Rachland bergerak karena laporan sebuah majalah"
"Di saat… [+1648 chars]"""
"68,""{'id': None, 'name': 'Detik.com'}"",Kadek Melda Luxiana,F-PKS DPR Selidiki Pencopotan Ronny Sompie dari Dirjen Imigrasi,Presiden PKS Sohibul Iman memerintahkan kadernya yang duduk di Komisi III DPR mencari tahu soal pencopotan Ronny F Sompie dari jabatan Dirjen Imigrasi.,https://news.detik.com/berita/d-4878044/f-pks-dpr-selidiki-pencopotan-ronny-sompie-dari-dirjen-imigrasi,https://awsimages.detik.net.id/api/wm/2020/01/20/eda80ac5-4072-4cff-8d0a-aee9e352849f_169.jpeg?wid=54&w=650&v=1&t=jpeg,2020-01-29T09:42:06Z,Jakarta - Presiden PKS Sohibul Iman memerintahkan kadernya yang duduk di Komisi III DPR menyelidiki pencopotan Ronny F Sompie dari jabatan Dirjen Imigrasi karena simpang siur perlintasan tersangka KPK Harun Masiku. PKS ingin mencari tahu penyebab sebenarnya m… [+1633 chars]"
"69,""{'id': None, 'name': 'Detik.com'}"",Faiq Hidayat,Lutfi 'Pembawa Bendera' Dituntut 4 Bulan Penjara,Lutfi diyakini bersalah melakukan perbuatan melawan polisi saat demonstrasi pada 30 September 2019. Lutfi diyakini bersalah melanggar Pasal 218 KUHP.,https://news.detik.com/berita/d-4878029/lutfi-pembawa-bendera-dituntut-4-bulan-penjara,https://awsimages.detik.net.id/api/wm/2020/01/29/603f50fb-e21d-4ba9-8807-f24cf4db7148_169.jpeg?wid=54&w=650&v=1&t=jpeg,2020-01-29T09:33:54Z,""Jakarta - Dede Lutfi Alfiandi alias Dede dituntut 4 bulan penjara. Lutfi diyakini bersalah melakukan perbuatan melawan polisi saat demonstrasi pada 30 September 2019."
"Menuntut supaya majelis hakim memutuskan terdakwa Dede Lutfi Alfiandi telah terbukti secar… [+987 chars]"""
"70,""{'id': None, 'name': 'Detik.com'}"",Zunita Putri,OC Kaligis Minta Novel Baswedan Segera Diadili Terkait Kasus Walet,""Dalam gugatan ini, Kaligis menggugat Jaksa Agung RI sebagai tergugat I dan juga Kejaksaan Negeri Bengkulu sebagai tergugat II."",https://news.detik.com/berita/d-4878007/oc-kaligis-minta-novel-baswedan-segera-diadili-terkait-kasus-walet,https://awsimages.detik.net.id/api/wm/2020/01/09/91a13074-5c64-4e3f-97dd-fd504b58ebd1_169.jpeg?wid=54&w=650&v=1&t=jpeg,2020-01-29T09:24:56Z,Jakarta - Terpidana kasus suap OC Kaligis membacakan permohonan gugatan terhadap Jaksa Agung dan Kejaksaan Negeri Bengkulu. Kaligis meminta PN Jaksel memerintahkan Kejari Bengkulu melanjutkan berkas perkara pencurian sarang burung walet yang menyeret nama pen… [+1317 chars]"
"71,""{'id': None, 'name': 'Detik.com'}"",Ibnu Hariyanto,KPK Diminta Lakukan Digital Forensik Sistem Imigrasi Terkait Harun Masiku,KPK diminta turun tangan mengusut dugaan kesalahan sistem IT di Bandara Soekarno-Hatta yang mengakibatkan kedatangan Harun Masiku ke Indonesia tidak terdeteksi.,https://news.detik.com/berita/d-4877983/kpk-diminta-lakukan-digital-forensik-sistem-imigrasi-terkait-harun-masiku,https://awsimages.detik.net.id/api/wm/2019/09/24/65d86438-60fa-4f8e-af83-cbe1f8213033_169.jpeg?wid=54&w=650&v=1&t=jpeg,2020-01-29T09:09:16Z,""Jakarta - KPK diminta turun tangan mengusut dugaan kesalahan sistem IT di Bandara Soekarno-Hatta yang mengakibatkan kedatangan Harun Masiku ke Indonesia tidak terdeteksi. KPK disebut bisa melakukan pemeriksaan digital forensik terhadap sistem Imigrasi itu."
"… [+1607 chars]"""
"72,""{'id': None, 'name': 'Detik.com'}"",Ibnu Hariyanto,""Diperiksa di Kasus Suap PUPR, Cak Imin Bantah Ada Aliran Duit ke PKB"",Wakil Ketua DPR Muhaimin Iskandar alias Cak Imin tuntas diperiksa KPK terkait kasus dugaan suap proyek Kementerian PUPR.,https://news.detik.com/berita/d-4877902/diperiksa-di-kasus-suap-pupr-cak-imin-bantah-ada-aliran-duit-ke-pkb,https://awsimages.detik.net.id/api/wm/2020/01/29/684ecf08-cb61-4008-bbc4-daf4f8598bac_169.jpeg?wid=54&w=650&v=1&t=jpeg,2020-01-29T08:27:31Z,""Jakarta - Wakil Ketua DPR Muhaimin Iskandar alias Cak Imin tuntas diperiksa KPK terkait kasus dugaan suap proyek Kementerian PUPR. Cak Imin membantah ada aliran duit ke elite PKB dalam kasus ini."
"Itu tidak benar (soal aliran duit ke elite PKB), tidak benar,… [+1538 chars]"""
"73,""{'id': None, 'name': 'Viva.co.id'}"",Yunisa Herawati,Pantas Saja Menteri Nadiem Sering Naik Ojol,Berita Pantas Saja Menteri Nadiem Sering Naik Ojol terbaru hari ini 2020-01-29 15:09:55 dari sumber yang terpercaya,https://www.viva.co.id/otomotif/1197835-pantas-saja-menteri-nadiem-sering-naik-ojol,https://thumb.viva.co.id/media/frontend/thumbs3/2019/10/31/5dba739a09a50-mendikbud-nadiem-makarim_665_374.jpg,2020-01-29T08:09:55Z,""VIVA  Sebelum menjadi Menteri Pendidikan dan Kebudayaan, Nadiem Makarim dikenal sebagai pendiri Gojek. Perusahaan itu bergerak dalam bidang jasa transportasi berbasis aplikasi."
"Dalam waktu 10 tahun, perusahaan itu berkembang sangat pesat. Valuasi Gojek diper… [+1243 chars]"""
"74,""{'id': None, 'name': 'Detik.com'}"",Matius Alfons,Ketua KPK Sudah Teken Surat Pengembalian 2 Jaksa ke Kejagung,Ketua KPK Firli Bahuri memastikan penarikan 2 jaksa KPK kembali ke Kejaksaan Agung sudah disepakati para pimpinan KPK.,https://news.detik.com/berita/d-4877852/ketua-kpk-sudah-teken-surat-pengembalian-2-jaksa-ke-kejagung,https://awsimages.detik.net.id/api/wm/2020/01/07/ed3da632-f9bc-4038-a2a1-016139c639f1_169.jpeg?wid=54&w=650&v=1&t=jpeg,2020-01-29T07:46:06Z,""Jakarta - Ketua KPK Firli Bahuri memastikan penarikan 2 jaksa KPK kembali ke Kejaksaan Agung sudah disepakati para pimpinan KPK. Surat penarikan itu sudah ditandatangani pada 28 Januari 2020."
"Pimpinan sudah memutuskan kembali. Diminta oleh Jaksa Agung. Kena… [+1366 chars]"""
"75,""{'id': None, 'name': 'Detik.com'}"",Matius Alfons,""Harun Masiku Belum Tertangkap, KPK Enggan Tentukan Tenggat Waktu"",""KPK masih belum menangkap tersangka kasus suap pergantian antar-waktu (PAW) anggota DPR PDIP, Harun Masiku."",https://news.detik.com/berita/d-4877793/harun-masiku-belum-tertangkap-kpk-enggan-tentukan-tenggat-waktu,https://awsimages.detik.net.id/api/wm/2020/01/07/1d4d4bdd-6f10-447f-9c4c-a9ea7e5aa6fd_169.jpeg?wid=54&w=650&v=1&t=jpeg,2020-01-29T07:14:03Z,""Jakarta - KPK masih belum menangkap tersangka kasus suap pergantian antar-waktu (PAW) anggota DPR PDIP, Harun Masiku. KPK juga tidak akan menentukan batas waktu penangkapan tersangka Harun Masiku."
"Nggak nggak saya tidak pernah bicara target waktu menangkap … [+1230 chars]"""
"76,""{'id': None, 'name': 'Detik.com'}"",Ibnu Hariyanto,""Ditarik ke Kejagung, Jaksa Tadyn Minta Waktu Selesaikan Tugas di KPK"",Jaksa Yadyn Palebangan buka suara terkait penarikan 2 jaksa KPK kembali ke institusi Kejaksaan Agung (Kejagung).,https://news.detik.com/berita/d-4877767/ditarik-ke-kejagung-jaksa-tadyn-minta-waktu-selesaikan-tugas-di-kpk,https://awsimages.detik.net.id/api/wm/2015/10/01/d2c36f7d-aea4-4036-9915-fb03c61efc46_169.jpg?wid=54&w=650&v=1&t=jpeg,2020-01-29T07:04:26Z,""Jakarta - Jaksa Yadyn Palebangan buka suara terkait penarikan 2 jaksa KPK kembali ke institusi Kejaksaan Agung (Kejagung). Yadyn merupakan satu di antara dua jaksa KPK yang ditarik kembali ke Kejagung."
"Terkait pemberitaan penarikan 2 Jaksa untuk kembali ber… [+2828 chars]"""
"77,""{'id': None, 'name': 'Viva.co.id'}"",""Jujuk Ernawati, Edwin Firdaus"",KPK Periksa Muhaimin Iskandar Kasus Dugaan Suap Proyek PUPR,Berita KPK Periksa Muhaimin Iskandar Kasus Dugaan Suap Proyek PUPR terbaru hari ini 2020-01-29 13:53:30 dari sumber yang terpercaya,https://www.viva.co.id/berita/nasional/1197826-kpk-periksa-muhaimin-iskandar-kasus-dugaan-suap-proyek-pupr,https://thumb.viva.co.id/media/frontend/thumbs3/2019/07/05/5d1f08b7016d3-ketum-pkb-muhaimin-iskandar-atau-cak-imin-temui-ma-ruf-amin_665_374.jpg,2020-01-29T06:53:30Z,""VIVA  Ketua Umum Partai Kebangkitan Bangsa (PKB) Muhaimin Iskandar atau Cak Imin diperiksa tim penyidik Komisi Pemberantasan Korupsi (KPK) pada Rabu, 29 Januari 2020. Dia diperiksa sebagai saksi dalam kasus dugaan suap proyek di Kementerian pekerjaan Umum dan… [+1534 chars]"""
"78,""{'id': None, 'name': 'Detik.com'}"",Matius Alfons,""Kolaborasi Perlindungan Saksi Kasus Korupsi, KPK Sambangi LPSK"",""""""Kita membahas beberapa agenda untuk menguatkan kerja sama dan kolaborasi ke depan dalam memberi layanan ke saksi terutama kasus kasus korupsi."""""",https://news.detik.com/berita/d-4877715/kolaborasi-perlindungan-saksi-kasus-korupsi-kpk-sambangi-lpsk,https://awsimages.detik.net.id/api/wm/2020/01/29/a90e5bd2-d19a-4c49-84a5-7eb16b1170a7_169.jpeg?wid=54&w=650&v=1&t=jpeg,2020-01-29T06:45:57Z,""Jakarta - Pimpinan KPK menyambangi kantor Lembaga Perlindungan Saksi dan Korban (LPSK) di Jakarta Timur. KPK dan LPSK membicarakan terkait perlindungan saksi kasus korupsi."
"Pertemuan ini dipimpin langsung oleh Ketua KPK Firli Bahuri didampingi para komisione… [+1289 chars]"""
"79,""{'id': None, 'name': 'Detik.com'}"",Ahmad Bil Wahid,Kapolri Perintahkan Kabareskrim Selidiki Pelarian Harun Masiku,""Tersangka kasus suap pergantian antar waktu (PAW) DPR RI, Harun Masiku masih diburu KPK. Kapolri Jenderal Idham Azis janji dukung KPK."",https://news.detik.com/berita/d-4877705/kapolri-perintahkan-kabareskrim-selidiki-pelarian-harun-masiku,https://awsimages.detik.net.id/api/wm/2020/01/17/19d154af-409d-4a30-9042-50ea1a5a7ba0_169.jpeg?wid=54&w=650&v=1&t=jpeg,2020-01-29T06:39:53Z,""Jakarta - Tersangka kasus suap pergantian antar waktu (PAW) DPR RI, Harun Masiku masih diburu KPK. Kapolri Jenderal Idham Azis mengatakan Polri tetap memberikan bantuan penuh pada KPK untuk menangkap Harun."
"Kami juga sudah terima surat dari teman-teman KPK,… [+399 chars]"""
"80,""{'id': None, 'name': 'Detik.com'}"",Andhika Prasetia,""Ronny Sompie Dicopot, Jokowi: Tanya ke Menkum HAM"",Presiden Joko Widodo (Jokowi) berkomentar singkat perihal pencopotan Ronny F Sompie dari jabatan Dirjen Imigrasi Kemenkum HAM.,https://news.detik.com/berita/d-4877681/ronny-sompie-dicopot-jokowi-tanya-ke-menkum-ham,https://awsimages.detik.net.id/api/wm/2020/01/06/a56e0f0a-696e-487d-95da-9e83fa10f497_169.jpeg?wid=54&w=650&v=1&t=jpeg,2020-01-29T06:21:29Z,""Cimahi - Presiden Joko Widodo (Jokowi) berkomentar singkat perihal pencopotan Ronny F Sompie dari jabatan Dirjen Imigrasi Kemenkum HAM. Jokowi menyerahkan kepada Menkum HAM Yasonna Laoly."
"Tanyakan ke Menteri Hukum dan HAM,"""" ujar Jokowi di Kota Cimahi, Jawa … [+734 chars]"""
"81,""{'id': None, 'name': 'Detik.com'}"",Ibnu Hariyanto,YLBHI: Yasonna Laoly Buang Badan dengan Copot Dirjen Imigrasi,Pencopotan Ronny F Sompie dari jabatan Dirjen Imigrasi dinilai hanyalah cara Menkum HAM Yasonna Laoly 'buang badan' terkait Harun Masiku.,https://news.detik.com/berita/d-4877649/ylbhi-yasonna-laoly-buang-badan-dengan-copot-dirjen-imigrasi,https://awsimages.detik.net.id/api/wm/2019/10/07/e3d7fd5c-d38a-43ee-864f-96ac9eda1196_169.jpeg?wid=54&w=650&v=1&t=jpeg,2020-01-29T05:58:54Z,""Jakarta - Pencopotan Ronny F Sompie dari jabatan Direktur Jenderal (Dirjen) Imigrasi dinilai hanyalah cara Menkum HAM Yasonna Laoly 'buang badan' dari kekeliruan data perlintasan tersangka KPK Harun Masiku. Yasonna disebut mengorbankan anak buahnya."
"Iya itu… [+2180 chars]"""
"82,""{'id': None, 'name': 'Detik.com'}"",Ibnu Hariyanto,WP KPK Minta Jaksa Agung Tunda Penarikan 2 Jaksa,Wadah Pegawai (WP) KPK meminta Jaksa Agung ST Burhanuddin menunda penarikan 2 jaksa yang bertugas di KPK.,https://news.detik.com/berita/d-4877523/wp-kpk-minta-jaksa-agung-tunda-penarikan-2-jaksa,https://awsimages.detik.net.id/api/wm/2019/06/24/6d945a52-f2a1-486b-b2f9-9c1d4643c0d3_169.jpeg?wid=54&w=650&v=1&t=jpeg,2020-01-29T04:53:27Z,""Jakarta - Wadah Pegawai (WP) KPK meminta Jaksa Agung ST Burhanuddin menunda penarikan 2 jaksa yang bertugas di KPK. Sebab, WP menilai dua jaksa itu memiliki kinerja yang bagus selama di KPK."
"Kami berharap Bapak Jaksa Agung dapat menunda penarikan kedua reka… [+2952 chars]"""
"83,""{'id': None, 'name': 'Viva.co.id'}"",""Rochimawati, Fajar Ginanjar Mukti, Reza Fajri"",""Ratusan Pohon Sudah Ditebang, Revitalisasi Monas Akhirnya Disetop"",""Berita Ratusan Pohon Sudah Ditebang, Revitalisasi Monas Akhirnya Disetop terbaru hari ini 2020-01-29 11:29:39 dari sumber yang terpercaya"",https://www.viva.co.id/berita/nasional/1197795-ratusan-pohon-sudah-ditebang-revitalisasi-monas-akhirnya-disetop,https://thumb.viva.co.id/media/frontend/thumbs3/2020/01/29/5e3109841260c-revitalisasi-kawasan-monas_665_374.jpg,2020-01-29T04:29:39Z,""VIVA  Pemprov DKI memutuskan menghentikan revitalisasi Monumen Nasional (Monas), Jakarta, hingga Sekretariat Negara (Setneg) sebagai Ketua Komisi Pengarah, memberi izin. "
"Menurut Ketua DPRD DKI Prasetio Edi Marsudi, DKI mesti mengantungi izin sekali pun seba… [+4872 chars]"""
"84,""{'id': None, 'name': 'Detik.com'}"",Ahmad Arfah Fansuri,""Jadi Tersangka Korupsi Rp 1,5 M, Dirut RSUD Kota Pinang Ditahan Kejaksaan"",""Dirut RSUD Kota Pinang ditahan Kejari Labuhanbatu Selatan. Dia ditetapkan sebagai tersangka korupsi anggaran RSUD tahun 2014 sebesar Rp 1,5 miliar."",https://news.detik.com/berita/d-4877473/jadi-tersangka-korupsi-rp-15-m-dirut-rsud-kota-pinang-ditahan-kejaksaan,https://awsimages.detik.net.id/api/wm/2019/10/10/fc84f4c9-657c-4fdd-ba35-3e1d428725c1_169.jpeg?wid=54&w=650&v=1&t=jpeg,2020-01-29T04:17:56Z,""Medan - Direktur Utama (Dirut) Rumah Sakit Umum Daerah (RSUD) Kota Pinang, Kabupaten Labuhan Batu Selatan, Dashcar Aulia, ditahan Kejaksaan Negeri Labuhanbatu Selatan. Dashcar diduga melakukan tindak pidana korupsi anggaran RSUD tahun 2014 sebanyak Rp 1,5 mil… [+798 chars]"""
"85,""{'id': None, 'name': 'Detik.com'}"",Ibnu Hariyanto,KPK Panggil Komisioner KPU Sumsel di Kasus Suap Wahyu Setiawan,KPK memanggil Komisioner KPU Sumsel periode 2018-2023 Kelly Mariana jadi saksi kasus suap PAW anggota DPR yang menjerat eks Komisioner KPU Wahyu Setiawan.,https://news.detik.com/berita/d-4877442/kpk-panggil-komisioner-kpu-sumsel-di-kasus-suap-wahyu-setiawan,https://awsimages.detik.net.id/api/wm/2015/12/29/53926760-fae9-4363-9f9b-8662c966f9e9_169.jpg?wid=54&w=650&v=1&t=jpeg,2020-01-29T03:53:30Z,Jakarta - KPK memanggil Komisioner KPU Sumatera Selatan (Sumsel) periode 2018-2023 Kelly Mariana jadi saksi kasus dugaan suap pergantian antarwaktu (PAW) anggota DPR yang menjerat eks Komisioner KPU Wahyu Setiawan. Kelly dipanggil sebagai saksi untuk tersangk… [+1139 chars]"
"86,""{'id': None, 'name': 'Detik.com'}"",Hestiana Dharmastuti,""Jhoni Ginting, Eks Jaksa Jadi Plh Dirjen Imigrasi Usai Ronny Sompie Dicopot"",Jhoni Ginting ditunjuk Yasonna Laoly menjadi pelaksana harian (Plh) Dirjen Imigrasi usai Ronny Sompie dicopot. Jhoni telah menerima surat perihal penunjukannya.,https://news.detik.com/berita/d-4877441/jhoni-ginting-eks-jaksa-jadi-plh-dirjen-imigrasi-usai-ronny-sompie-dicopot,https://awsimages.detik.net.id/api/wm/2019/06/13/af1ee904-ddcf-41fb-9b40-1043f1e5d326_169.jpeg?wid=54&w=650&v=1&t=jpeg,2020-01-29T03:52:52Z,""Jakarta - Jhoni Ginting ditunjuk Menteri Hukum HAM Yasonna Laoly menjadi Pelaksana Harian (Plh) Dirjen Imigrasi setelah Ronny Sompie dicopot. Jhoni telah menerima surat perihal penunjukannya."
"Yasonna mencopot Ronny sebagai buntut kekeliruan data informasi me… [+863 chars]"""
"87,""{'id': None, 'name': 'Detik.com'}"",Ahmad Bil Wahid,""Kapolri Buka Rapim Pengamanan Pilkada-PON 2020, Ketua KPK Hadir"",Kapolri Jenderal Idham Azis membuka Rapat Pimpinan (Rapim) Polri. Rapat tersebut membahas pengamanan Pilkada serentak dan PON XX di Papua.,https://news.detik.com/berita/d-4877433/kapolri-buka-rapim-pengamanan-pilkada-pon-2020-ketua-kpk-hadir,https://awsimages.detik.net.id/api/wm/2020/01/29/bd853a2e-866a-4294-a322-50b0b9b69036_169.jpeg?wid=54&w=650&v=1&t=jpeg,2020-01-29T03:45:36Z,""Jakarta - Kapolri Jenderal Idham Azis membuka Rapat Pimpinan (Rapim) Polri. Rapat tersebut membahas pengamanan Pilkada serentak dan PON XX di Papua."
"Dalam sambutannya, Idham meminta jajaran Polri menjaga netralitas dalam Pilkada serentak. Dia juga menekankan… [+1377 chars]"""
"88,""{'id': None, 'name': 'Detik.com'}"",Ibnu Hariyanto,""Datangi KPK, Cak Imin Diperiksa di Kasus Suap Proyek PUPR"",Wakil Ketua DPR Muhaimin Iskandar atau Cak Imin memenuhi panggilan KPK. Cak Imin diperiksa sebagai saksi untuk tersangka Hong Arta John Alfred.,https://news.detik.com/berita/d-4877428/datangi-kpk-cak-imin-diperiksa-di-kasus-suap-proyek-pupr,https://awsimages.detik.net.id/api/wm/2020/01/29/146f3ddd-6100-4bd4-a5cd-05920510d793_169.jpeg?wid=54&w=650&v=1&t=jpeg,2020-01-29T03:38:00Z,""Jakarta - Wakil Ketua DPR RI Muhaimin Iskandar atau Cak Imin memenuhi panggilan KPK. Cak Imin diperiksa sebagai saksi untuk tersangka Hong Arta John Alfred dalam kasus suap proyek PUPR."
"Muhaimin Iskandar (anggota DPR RI Fraksi Partai Kebangkitan Bangsa) sak… [+755 chars]"""
"89,""{'id': None, 'name': 'Viva.co.id'}"",""Jujuk Ernawati, Ahmad Farhan Faris"",""Kasus Harun Masiku, Roy Suryo Bandingkan CCTV Bandara Soetta Vs Warteg"",""Berita Kasus Harun Masiku, Roy Suryo Bandingkan CCTV Bandara Soetta Vs Warteg terbaru hari ini 2020-01-29 10:37:43 dari sumber yang terpercaya"",https://www.viva.co.id/berita/nasional/1197777-kasus-harun-masiku-roy-suryo-bandingkan-cctv-bandara-soetta-vs-warteg,https://thumb.viva.co.id/media/frontend/thumbs3/2018/09/19/5ba1c603d3481-politikus-partai-demokrat-roy-suryo-menghadiri-acara-hut-ke-17-partai-demokrat_665_374.jpg,2020-01-29T03:37:43Z,""VIVA  Mantan Menteri Pemuda dan Olahraga, Roy Suryo membandingkan kasus pencarian Harun Masiku, tersangka suap mantan Komisioner KPU Wahyu Setiawan dengan kasus begal di Warteg Mamoka Bahari di kawasan Petukangan Utara, Pesanggrahan, Jakarta Selatan."
"Harun M… [+2295 chars]"""
"90,""{'id': None, 'name': 'Detik.com'}"",Tim detikcom,""KPK Kini Beda, Tak Mau Periksa Orang Lama-lama"",Pemeriksaan saksi atau tersangka yang berlangsung berjam-jam disorot pimpinan KPK Nawawi Pomolango. Sistem pemeriksaan pun akan diubah agar lebih efektif.,https://news.detik.com/berita/d-4877373/kpk-kini-beda-tak-mau-periksa-orang-lama-lama,https://awsimages.detik.net.id/api/wm/2015/12/29/7f877f3b-488b-4a14-ab68-be9ae11fc58a_169.jpg?wid=54&w=650&v=1&t=jpeg,2020-01-29T02:51:21Z,""Jakarta - Pemeriksaan saksi atau tersangka yang berlangsung berjam-jam disorot pimpinan KPK Nawawi Pomolango. Sistem pemeriksaan pun akan diubah agar menjadi lebih efektif."
"Sorotan ini muncul setelah RJ Lino diperiksa selama hampir 12 jam dalam kasus dugaan … [+1257 chars]"""
"91,""{'id': None, 'name': 'Detik.com'}"",Tim detikcom,Penyuap Bupati Muara Enim Dihukum 3 Tahun Penjara,Robi Okta Fahlevi dihukum 3 tahun penjara. Robi terbukti menyuap Bupati Muara Enim nonaktif dalam kasus gratifikasi 16 paket proyek jalan.,https://news.detik.com/berita/d-4877324/penyuap-bupati-muara-enim-dihukum-3-tahun-penjara,https://awsimages.detik.net.id/api/wm/2015/05/28/279e6420-3b3e-4153-aa56-64581a39e9ff_169.jpg?wid=54&w=650&v=1&t=jpeg,2020-01-29T02:00:28Z,""Palembang - Robi Okta Fahlevi dihukum 3 tahun penjara. Robi terbukti menyuap Bupati Muara Enim nonaktif dalam kasus gratifikasi 16 paket proyek jalan."
"Petikan vonis dibacakan Majelis Hakim Abu Hanifah yang menggantikan hakim Bongbongan Silaban di Pengadilan … [+1363 chars]"""
"92,""{'id': None, 'name': 'Detik.com'}"",Ibnu Hariyanto,KPK soal Geledah DPP PDIP di Kasus Suap PAW: Kebutuhan Penyidikan,""Saat ditanya soal pengeledahan DPP PDIP, Ali mengatakan pengeledahan terkait penanganan perkara akan dilakukan sesuai kebutuhan penyidik."",https://news.detik.com/berita/d-4877201/kpk-soal-geledah-dpp-pdip-di-kasus-suap-paw-kebutuhan-penyidikan,https://awsimages.detik.net.id/api/wm/2020/01/27/ac318078-94fa-45cb-b619-0b0fee05b45d_169.jpeg?wid=54&w=650&v=1&t=jpeg,2020-01-28T15:57:15Z,""Jakarta - KPK telah melakukan pengeledahan di tiga lokasi terkait kasus dugaan suap pergantian antarwaktu (PAW) anggota DPR yang menjerat eks Komisioner KPU Wahyu Setiawan. KPK menyita sejumlah dokumen sebagai bukti penguat dalam kasus tersebut."
"Penggeledah… [+1132 chars]"""
"93,""{'id': None, 'name': 'Interia.pl'}"",,Uchwała trzech izb SN. Izba Dyscyplinarna odroczyła rozprawę,""Izba Dyscyplinarna Sądu Najwyższego odroczyła we wtorek bezterminowo rozprawę w związku z wykładnią uchwały trzech izb SN z czwartku. Sąd zaznaczył, że uchwała ta funkcjonuje w obiegu prawnym i do czasu rozstrzygnięcia przez TK wstrzymuje się od orzekania w t…"",""https://fakty.interia.pl/polska/news-uchwala-trzech-izb-sn-izba-dyscyplinarna-odroczyla-rozprawe,nId,4294628"",https://i.iplsc.com/-/0006JF0F6P0YRXGG-C411.jpg,2020-01-28T15:24:48Z,""Izba Dyscyplinarna Sdu Najwyszego odroczya we wtorek bezterminowo rozpraw w zwizku z wykadni uchway trzech izb SN z czwartku. Sd zaznaczy, e uchwaa ta funkcjonuje w obiegu prawnym i do czasu rozstrzygnicia przez TK wstrzymuje si od orzekania w tej sprawie."
"Z… [+4642 chars]"""
"94,""{'id': None, 'name': 'Detik.com'}"",Tim detikcom,""Harun Masiku 'Tak Terdeteksi', Ronny Sompie Diganti"",Simpang-siur informasi perlintasan seorang Harun Masiku berimbas pada jabatan seorang Ronny F Sompie.,https://news.detik.com/berita/d-4877133/harun-masiku-tak-terdeteksi-ronny-sompie-diganti,https://awsimages.detik.net.id/api/wm/2017/01/18/c023f064-bc66-4516-95fa-6fc28fcc9925_169.jpg?wid=54&w=650&v=1&t=jpeg,2020-01-28T14:06:48Z,Jakarta - Simpang-siur informasi perlintasan seorang Harun Masiku berimbas pada jabatan seorang Ronny F Sompie. Harun yang merupakan tersangka KPK itu awalnya disebut belum pulang dari luar negeri meskipun sebenarnya sudah berada di Tanah Air sebelum operasi … [+721 chars]"
"95,""{'id': None, 'name': 'Detik.com'}"",Ibnu Hariyanto,KPK Tepis 4 Jaksa-Polisi 'Balik Kandang' yang Tangani Kasus KPU,KPK menyebut pengembalian empat pegawai itu merupakan permintaan institusi asalnya yakni Kejaksaan Agung dan Polri.,https://news.detik.com/berita/d-4877131/kpk-tepis-4-jaksa-polisi-balik-kandang-yang-tangani-kasus-kpu,https://awsimages.detik.net.id/api/wm/2015/12/29/7f877f3b-488b-4a14-ab68-be9ae11fc58a_169.jpg?wid=54&w=650&v=1&t=jpeg,2020-01-28T14:06:01Z,""Jakarta - KPK mengatakan empat pegawai yang ditarik kembali ke institusi asalnya merupakan jaksa dan polisi. KPK menyebut pengembalian empat pegawai itu merupakan permintaan institusi asalnya yakni Kejaksaan Agung dan Polri."
"Jadi pengembalian itu kebutuhan … [+870 chars]"""
"96,""{'id': None, 'name': 'Detik.com'}"",Wilda Hayatun Nufus,Busyro Kritik Pimpinan KPK yang Akan Ubah Sistem Pemeriksaan Saksi,Busyro Muqoddas mengkritik rencana pimpinan KPK yang akan mengubah sistem pemeriksaan saksi atau tersangka.,https://news.detik.com/berita/d-4876999/busyro-kritik-pimpinan-kpk-yang-akan-ubah-sistem-pemeriksaan-saksi,https://awsimages.detik.net.id/api/wm/2015/12/29/7f877f3b-488b-4a14-ab68-be9ae11fc58a_169.jpg?wid=54&w=650&v=1&t=jpeg,2020-01-28T12:44:20Z,""Jakarta - Eks Ketua KPK Busyro Muqoddas mengkritik rencana pimpinan KPK yang akan mengubah sistem pemeriksaan saksi atau tersangka. Busyro menilai pimpinan KPK yang baru seolah menafikan proses penyelidikan."
"Masalahnya lama atau tidak itu kan tergantung kep… [+777 chars]"""
"97,""{'id': None, 'name': 'Detik.com'}"",Rolando Fransiscus Sihombing,""Yasonna Copot Ronny Sompie, Komisi III: Lanjutkan Usut Sistem Erornya"",Yasonna sudah mencopot 2 Dirjen terkait sistem eror di Imigrasi. Fraksi NasDem dari Komisi III DPR mendorong Yasonna untuk melanjutkan pengusutan sistem eror.,https://news.detik.com/berita/d-4876991/yasonna-copot-ronny-sompie-komisi-iii-lanjutkan-usut-sistem-erornya,https://awsimages.detik.net.id/api/wm/2019/06/18/8c37165b-dbbd-4b65-9f85-181f72b7b0c2_169.jpeg?wid=54&w=650&v=1&t=jpeg,2020-01-28T12:32:50Z,""Jakarta - Anggota Komisi III DPR dari Fraksi Partai NasDem, Taufik Basari meminta Kementerian Hukum dan HAM untuk tetap melanjutkan pengusutan sistem eror di Direktorat Jenderal Imigrasi, meski Menteri Yasonna Laoly sudah mencopot dua Dirjen terkait sistem er… [+1394 chars]"""
"98,""{'id': None, 'name': 'Detik.com'}"",Rakhmad Hidayatulloh Permana,""Karier Ronny Sompie: Jenderal Polisi, Jadi Dirjen Imigrasi lalu Dicopot"",""Sebelum menjadi Dirjen Imigrasi, Ronny memulai kariernya sebagai polisi. Berikut ini perjalanan kariernya:"",https://news.detik.com/berita/d-4876843/karier-ronny-sompie-jenderal-polisi-jadi-dirjen-imigrasi-lalu-dicopot,https://awsimages.detik.net.id/api/wm/2019/09/09/6ddbaac3-7cba-44af-8333-b33b0069b472_169.jpeg?wid=54&w=650&v=1&t=jpeg,2020-01-28T11:46:12Z,""Jakarta - Dirjen Imigrasi Ronny Sompie dicopot dari jabatannya. Pencopotan ini merupakan buntut kekeliruan data informasi keberadaan Harun Masiku di Indonesia. Sebelum menjadi Dirjen Imigrasi, Ronny memulai kariernya sebagai polisi."
"Pria bernama lengkap Ronn… [+1186 chars]"""
"99,""{'id': None, 'name': 'Detik.com'}"",Wilda Hayatun Nufus,""SBY Minta Penyelidikan Kaitan Jiwasraya-Pemilu, Busyro Muqoddas: Terbuka Saja"",""""""Pernyataan Pak SBY itu positif, tetapi lebih positif jika Pak SBY juga dengan jajarannya yang berkepentingan itu merumuskan indikator-indikator,"""" kata Busyro."",https://news.detik.com/berita/d-4876823/sby-minta-penyelidikan-kaitan-jiwasraya-pemilu-busyro-muqoddas-terbuka-saja,https://awsimages.detik.net.id/api/wm/2020/01/28/83b2483d-b50a-4f5e-8e4e-e81951221de6_169.jpeg?wid=54&w=650&v=1&t=jpeg,2020-01-28T11:38:10Z,Jakarta - Presiden ke-6 RI Susilo Bambang Yudhoyono (SBY) meminta penyelidikan keterkaitan skandal PT Asuransi Jiwasraya dengan dana Pemilu 2019. Eks pimpinan KPK Busyro Muqoddas menyebut pernyataan SBY positif namun indikator kecurigaan itu harus dirumuskan.… [+1013 chars]"
